,station_id,num_bikes_available,num_bikes_available_types,num_bikes_disabled,num_docks_available,num_docks_disabled,is_installed,is_renting,is_returning,last_reported,is_charging_station,status,name,capacity,lat,lon,timestamp_consulta
0,2,0,"{'mechanical': 0, 'ebike': 0}",0,20,0,1,1,1,1568795241,False,IN_SERVICE,002 - Retiro I,20,-34.5924233,-58.3747151,2019-09-18 05:32:04.755186-03:00
1,3,0,"{'mechanical': 0, 'ebike': 0}",4,16,0,1,1,1,1568795361,False,IN_SERVICE,003 - ADUANA,20,-34.611032,-58.3682604,2019-09-18 05:32:04.755186-03:00
2,4,14,"{'mechanical': 14, 'ebike': 0}",4,2,2,1,1,1,1568795502,False,IN_SERVICE,004 - Plaza Roma,20,-34.6017255,-58.3687628,2019-09-18 05:32:04.755186-03:00
3,5,1,"{'mechanical': 1, 'ebike': 0}",3,38,0,1,1,1,1568795258,False,IN_SERVICE,005 - Plaza Italia,42,-34.5805497,-58.4209542,2019-09-18 05:32:04.755186-03:00
4,6,3,"{'mechanical': 3, 'ebike': 0}",4,13,1,1,1,1,1568795427,False,IN_SERVICE,006 - Parque Lezama,20,-34.628526,-58.369758,2019-09-18 05:32:04.755186-03:00
5,7,0,"{'mechanical': 0, 'ebike': 0}",0,16,0,1,1,1,1568795339,False,IN_SERVICE,007 - OBELISCO,16,-34.606498,-58.381098,2019-09-18 05:32:04.755186-03:00
6,8,1,"{'mechanical': 1, 'ebike': 0}",0,23,1,1,1,1,1568795342,False,IN_SERVICE,008 - Congreso,24,-34.6094218,-58.3893364,2019-09-18 05:32:04.755186-03:00
7,9,1,"{'mechanical': 1, 'ebike': 0}",1,21,0,1,1,1,1568795280,False,IN_SERVICE,009 - Parque Las Heras,24,-34.585443,-58.407741,2019-09-18 05:32:04.755186-03:00
8,11,0,"{'mechanical': 0, 'ebike': 0}",4,16,0,1,1,1,1568795276,False,IN_SERVICE,011 - Tribunales,20,-34.6011762,-58.3850791,2019-09-18 05:32:04.755186-03:00
9,12,0,"{'mechanical': 0, 'ebike': 0}",4,12,0,1,1,1,1568795386,False,IN_SERVICE,012 - Plaza Vicente Lopez,16,-34.5927096,-58.388807,2019-09-18 05:32:04.755186-03:00
10,13,0,"{'mechanical': 0, 'ebike': 0}",1,29,0,1,1,1,1568795452,False,IN_SERVICE,013 - ONCE,30,-34.61009,-58.406,2019-09-18 05:32:04.755186-03:00
11,14,0,"{'mechanical': 0, 'ebike': 0}",0,30,0,1,1,1,1568795374,False,IN_SERVICE,014 - Pacifico,30,-34.577424,-58.426387,2019-09-18 05:32:04.755186-03:00
12,15,0,"{'mechanical': 0, 'ebike': 0}",0,20,0,1,1,1,1568795312,False,IN_SERVICE,015 - JUANA MANSO II,20,-34.6004,-58.3636706,2019-09-18 05:32:04.755186-03:00
13,17,0,"{'mechanical': 0, 'ebike': 0}",0,20,0,1,1,1,1568795397,False,IN_SERVICE,017 - Plaza Almagro,20,-34.6064101,-58.4187306,2019-09-18 05:32:04.755186-03:00
14,19,0,"{'mechanical': 0, 'ebike': 0}",0,24,1,1,1,1,1568795403,False,IN_SERVICE,019 - PLAZA SAN MARTIN,24,-34.5956027,-58.3776353,2019-09-18 05:32:04.755186-03:00
15,20,0,"{'mechanical': 0, 'ebike': 0}",1,19,0,1,1,1,1568795313,False,IN_SERVICE,020 - Distrito Audiovisual,20,-34.5798619,-58.4417756,2019-09-18 05:32:04.755186-03:00
16,21,2,"{'mechanical': 2, 'ebike': 0}",3,18,0,1,1,1,1568795468,False,IN_SERVICE,021 - Parque Patricios,24,-34.6396832,-58.4062115,2019-09-18 05:32:04.755186-03:00
17,22,0,"{'mechanical': 0, 'ebike': 0}",1,19,0,1,1,1,1568795284,False,IN_SERVICE,022 - Arenales,20,-34.5938629,-58.3825498,2019-09-18 05:32:04.755186-03:00
18,23,0,"{'mechanical': 0, 'ebike': 0}",3,9,0,1,1,1,1568795270,False,IN_SERVICE,023 - Suipacha,12,-34.6003095,-58.3793463,2019-09-18 05:32:04.755186-03:00
19,24,0,"{'mechanical': 0, 'ebike': 0}",2,16,0,1,1,1,1568795498,False,IN_SERVICE,024 - ALSINA,18,-34.610583,-58.3808943,2019-09-18 05:32:04.755186-03:00
20,25,0,"{'mechanical': 0, 'ebike': 0}",3,21,0,1,1,1,1568795438,False,IN_SERVICE,025 - Plaza Guemes,24,-34.5894269,-58.4161178,2019-09-18 05:32:04.755186-03:00
21,26,0,"{'mechanical': 0, 'ebike': 0}",0,24,0,1,1,1,1568795431,False,IN_SERVICE,026 - JUANA MANSO I,24,-34.6004606,-58.3636593,2019-09-18 05:32:04.755186-03:00
22,27,0,"{'mechanical': 0, 'ebike': 0}",1,15,0,1,1,1,1568795325,False,IN_SERVICE,027 - Montevideo,16,-34.599068,-58.3900887,2019-09-18 05:32:04.755186-03:00
23,28,0,"{'mechanical': 0, 'ebike': 0}",0,20,0,1,1,1,1568795429,False,IN_SERVICE,028 - Plaza Boedo,20,-34.6231273,-58.4127377,2019-09-18 05:32:04.755186-03:00
24,29,2,"{'mechanical': 2, 'ebike': 0}",3,25,0,1,1,1,1568795445,False,IN_SERVICE,029 - Parque Centenario,30,-34.6079414,-58.4335573,2019-09-18 05:32:04.755186-03:00
25,30,1,"{'mechanical': 1, 'ebike': 0}",3,16,1,1,1,1,1568795509,False,IN_SERVICE,030 - Peña,20,-34.5908211,-58.3973698,2019-09-18 05:32:04.755186-03:00
26,31,1,"{'mechanical': 1, 'ebike': 0}",3,16,0,1,1,1,1568795279,False,IN_SERVICE,031 - Padilla,20,-34.6032081,-58.4396457,2019-09-18 05:32:04.755186-03:00
27,32,3,"{'mechanical': 3, 'ebike': 0}",1,12,0,1,1,1,1568795464,False,IN_SERVICE,032 - Catedral,16,-34.6072074,-58.3735984,2019-09-18 05:32:04.755186-03:00
28,33,0,"{'mechanical': 0, 'ebike': 0}",4,16,0,1,1,1,1568795279,False,IN_SERVICE,033 - Facultad de Medicina,20,-34.5970909,-58.3989807,2019-09-18 05:32:04.755186-03:00
29,36,0,"{'mechanical': 0, 'ebike': 0}",1,15,0,1,1,1,1568795264,False,IN_SERVICE,036 - MAIPÚ,16,-34.6045481,-58.3767677,2019-09-18 05:32:04.755186-03:00
30,38,2,"{'mechanical': 2, 'ebike': 0}",2,16,0,1,1,1,1568795421,False,IN_SERVICE,038 - Plaza Libertad,20,-34.5970497,-58.3828403,2019-09-18 05:32:04.755186-03:00
31,39,1,"{'mechanical': 1, 'ebike': 0}",3,16,0,1,1,1,1568795381,False,IN_SERVICE,039 - CONGRESO II,20,-34.6092213,-58.3876925,2019-09-18 05:32:04.755186-03:00
32,40,1,"{'mechanical': 1, 'ebike': 0}",0,15,0,1,1,1,1568795413,False,IN_SERVICE,040 - Sarmiento,16,-34.604461,-58.373499,2019-09-18 05:32:04.755186-03:00
33,41,0,"{'mechanical': 0, 'ebike': 0}",1,19,0,1,1,1,1568795396,False,IN_SERVICE,041 - Urquiza y Rondeau,20,-34.6364511,-58.4076348,2019-09-18 05:32:04.755186-03:00
34,42,1,"{'mechanical': 1, 'ebike': 0}",1,22,0,1,1,1,1568795305,False,IN_SERVICE,042 - Diagonal Norte,24,-34.604447,-58.38003248,2019-09-18 05:32:04.755186-03:00
35,43,0,"{'mechanical': 0, 'ebike': 0}",1,15,0,1,1,1,1568795251,False,IN_SERVICE,334 - CENTRO DE EXPOSICIONES,16,-34.583918,-58.3900194,2019-09-18 05:32:04.755186-03:00
36,44,0,"{'mechanical': 0, 'ebike': 0}",0,20,0,1,1,1,1568795477,False,IN_SERVICE,044 - Ecoparque,20,-34.5755148,-58.4138829,2019-09-18 05:32:04.755186-03:00
37,45,1,"{'mechanical': 1, 'ebike': 0}",0,19,0,1,1,1,1568795305,False,IN_SERVICE,045 - Uruguay,20,-34.6018635,-58.3866934,2019-09-18 05:32:04.755186-03:00
38,46,0,"{'mechanical': 0, 'ebike': 0}",3,15,0,1,1,1,1568795267,False,IN_SERVICE,046 - Chile,18,-34.6163012,-58.3743749,2019-09-18 05:32:04.755186-03:00
39,47,0,"{'mechanical': 0, 'ebike': 0}",1,15,0,1,1,1,1568795478,False,IN_SERVICE,047 - Colegio Nacional de Buenos Aires,16,-34.6117408,-58.3733149,2019-09-18 05:32:04.755186-03:00
40,48,1,"{'mechanical': 1, 'ebike': 0}",0,15,1,1,1,1,1568795509,False,IN_SERVICE,034 - Colonia Express,16,-34.623937,-58.362004,2019-09-18 05:32:04.755186-03:00
41,49,2,"{'mechanical': 2, 'ebike': 0}",3,15,0,1,1,1,1568795350,False,IN_SERVICE,049 - 33 Orientales,20,-34.6290527,-58.422611,2019-09-18 05:32:04.755186-03:00
42,50,1,"{'mechanical': 1, 'ebike': 0}",0,19,0,1,1,1,1568795335,False,IN_SERVICE,050 - Hospital Rivadavia,20,-34.5837348,-58.4010798,2019-09-18 05:32:04.755186-03:00
43,51,0,"{'mechanical': 0, 'ebike': 0}",0,12,0,1,1,1,1568795276,False,IN_SERVICE,051 - TUCUMAN,12,-34.6014776,-58.3821261,2019-09-18 05:32:04.755186-03:00
44,52,0,"{'mechanical': 0, 'ebike': 0}",20,0,0,1,1,1,1568795286,False,IN_SERVICE,052 - SANCHEZ DE BUSTAMANTE,20,-34.606682,-58.414851,2019-09-18 05:32:04.755186-03:00
45,53,0,"{'mechanical': 0, 'ebike': 0}",4,16,0,1,1,1,1568795429,False,IN_SERVICE,053 - Ricardo Rojas,20,-34.5952579,-58.3743514,2019-09-18 05:32:04.755186-03:00
46,54,0,"{'mechanical': 0, 'ebike': 0}",0,20,0,1,1,1,1568795452,False,IN_SERVICE,054 - Acuña de Figueroa,20,-34.5981183,-58.4219844,2019-09-18 05:32:04.755186-03:00
47,55,0,"{'mechanical': 0, 'ebike': 0}",3,17,0,1,1,1,1568795413,False,IN_SERVICE,055 - Bouchard,20,-34.5994122,-58.36966404,2019-09-18 05:32:04.755186-03:00
48,56,1,"{'mechanical': 1, 'ebike': 0}",1,14,0,1,1,1,1568795281,False,IN_SERVICE,056 - Plaza Palermo Viejo,16,-34.588567,-58.425999,2019-09-18 05:32:04.755186-03:00
49,57,15,"{'mechanical': 15, 'ebike': 0}",1,0,0,1,1,1,1568795469,False,IN_SERVICE,057 - BELGRANO,16,-34.6134468,-58.3706051,2019-09-18 05:32:04.755186-03:00
50,58,1,"{'mechanical': 1, 'ebike': 0}",1,18,0,1,1,1,1568795446,False,IN_SERVICE,058 - Ministro Carranza,20,-34.5752773,-58.4346883,2019-09-18 05:32:04.755186-03:00
51,59,3,"{'mechanical': 3, 'ebike': 0}",5,12,0,1,1,1,1568795309,False,IN_SERVICE,018 - Independencia,20,-34.617771,-58.3804546,2019-09-18 05:32:04.755186-03:00
52,60,0,"{'mechanical': 0, 'ebike': 0}",2,18,0,1,1,1,1568795265,False,IN_SERVICE,060 - 25 De Mayo,20,-34.6016509,-58.371079,2019-09-18 05:32:04.755186-03:00
53,62,0,"{'mechanical': 0, 'ebike': 0}",0,20,0,1,1,1,1568795448,False,IN_SERVICE,062 - Córdoba,20,-34.5985102,-58.3768501,2019-09-18 05:32:04.755186-03:00
54,63,0,"{'mechanical': 0, 'ebike': 0}",6,14,0,1,1,1,1568795278,False,IN_SERVICE,063 - Reconquista,20,-34.5987657,-58.3728605,2019-09-18 05:32:04.755186-03:00
55,64,0,"{'mechanical': 0, 'ebike': 0}",3,17,0,1,1,1,1568795361,False,IN_SERVICE,064 - RIOBAMBA,20,-34.5936508,-58.3941087,2019-09-18 05:32:04.755186-03:00
56,65,1,"{'mechanical': 1, 'ebike': 0}",0,19,0,1,1,1,1568795348,False,IN_SERVICE,065 - Julián Álvarez,20,-34.5873124,-58.4157873,2019-09-18 05:32:04.755186-03:00
57,66,0,"{'mechanical': 0, 'ebike': 0}",6,14,0,1,1,1,1568795327,False,IN_SERVICE,066 - Billinghurst,20,-34.5945475,-58.4138713,2019-09-18 05:32:04.755186-03:00
58,68,1,"{'mechanical': 1, 'ebike': 0}",1,18,0,1,1,1,1568795475,False,IN_SERVICE,068 - Rivarola,20,-34.6065099,-58.385434,2019-09-18 05:32:04.755186-03:00
59,69,0,"{'mechanical': 0, 'ebike': 0}",4,12,0,1,1,1,1568795374,False,IN_SERVICE,069 - Ecuador,16,-34.5961006,-58.4046092,2019-09-18 05:32:04.755186-03:00
60,70,1,"{'mechanical': 1, 'ebike': 0}",3,16,0,1,1,1,1568795298,False,IN_SERVICE,070 - ARAOZ,20,-34.5926862,-58.4260597,2019-09-18 05:32:04.755186-03:00
61,71,1,"{'mechanical': 1, 'ebike': 0}",1,28,0,1,1,1,1568795451,False,IN_SERVICE,071 - CERRITO,30,-34.6026673,-58.3833559,2019-09-18 05:32:04.755186-03:00
62,72,0,"{'mechanical': 0, 'ebike': 0}",2,16,0,1,1,1,1568795252,False,IN_SERVICE,072 - Venezuela,18,-34.6135421,-58.3746635,2019-09-18 05:32:04.755186-03:00
63,73,1,"{'mechanical': 1, 'ebike': 0}",5,10,0,1,1,1,1568795467,False,IN_SERVICE,073 - Ruy Díaz de Guzmán,16,-34.6306814,-58.3718235,2019-09-18 05:32:04.755186-03:00
64,74,1,"{'mechanical': 1, 'ebike': 0}",0,23,0,1,1,1,1568795397,False,IN_SERVICE,074 - INSTITUTO  LELOIR,24,-34.6043825,-58.4346338,2019-09-18 05:32:04.755186-03:00
65,75,0,"{'mechanical': 0, 'ebike': 0}",2,18,0,1,1,1,1568795364,False,IN_SERVICE,075 - Plaza Primero de Mayo,20,-34.6122976,-58.3989871,2019-09-18 05:32:04.755186-03:00
66,76,0,"{'mechanical': 0, 'ebike': 0}",3,17,1,1,1,1,1568795509,False,IN_SERVICE,076 - Ayacucho,20,-34.6074084,-58.3950548,2019-09-18 05:32:04.755186-03:00
67,77,0,"{'mechanical': 0, 'ebike': 0}",4,16,0,1,1,1,1568795443,False,IN_SERVICE,077 - SARANDI,20,-34.6116273,-58.3947367,2019-09-18 05:32:04.755186-03:00
68,78,0,"{'mechanical': 0, 'ebike': 0}",0,20,0,1,1,1,1568795322,False,IN_SERVICE,078 - SUIPACHA Y ARROYO,20,-34.5910737,-58.3799953,2019-09-18 05:32:04.755186-03:00
69,79,1,"{'mechanical': 1, 'ebike': 0}",0,29,0,1,1,1,1568795408,False,IN_SERVICE,079 - AZUCENA VILLAFLOR,30,-34.61189,-58.36393,2019-09-18 05:32:04.755186-03:00
70,80,2,"{'mechanical': 2, 'ebike': 0}",2,12,0,1,1,1,1568795424,False,IN_SERVICE,080 - DOBLAS,16,-34.624435,-58.4303766,2019-09-18 05:32:04.755186-03:00
71,82,1,"{'mechanical': 1, 'ebike': 0}",2,17,0,1,1,1,1568795452,False,IN_SERVICE,082 - HOSPITAL ITALIANO,20,-34.6078917,-58.4263947,2019-09-18 05:32:04.755186-03:00
72,83,1,"{'mechanical': 1, 'ebike': 0}",3,16,1,1,1,1,1568795458,False,IN_SERVICE,083 - Paraná,20,-34.603269,-58.3893728,2019-09-18 05:32:04.755186-03:00
73,84,3,"{'mechanical': 3, 'ebike': 0}",6,11,1,1,1,1,1568795326,False,IN_SERVICE,084 - Lavalle,20,-34.6023203,-58.3955144,2019-09-18 05:32:04.755186-03:00
74,85,1,"{'mechanical': 1, 'ebike': 0}",7,12,0,1,1,1,1568795446,False,IN_SERVICE,085 - AGUERO,20,-34.5948057,-58.4091784,2019-09-18 05:32:04.755186-03:00
75,86,4,"{'mechanical': 4, 'ebike': 0}",1,15,0,1,1,1,1568795341,False,IN_SERVICE,086 - SAAVEDRA,20,-34.6212681,-58.4016808,2019-09-18 05:32:04.755186-03:00
76,87,2,"{'mechanical': 2, 'ebike': 0}",3,11,1,1,1,1,1568795510,False,IN_SERVICE,087 - Guayaquil,16,-34.619845,-58.4314942,2019-09-18 05:32:04.755186-03:00
77,88,1,"{'mechanical': 1, 'ebike': 0}",1,18,0,1,1,1,1568795479,False,IN_SERVICE,088 - MISIONES,20,-34.612575,-58.404356,2019-09-18 05:32:04.755186-03:00
78,89,3,"{'mechanical': 3, 'ebike': 0}",0,17,0,1,1,1,1568795446,False,IN_SERVICE,089 - Cabello,20,-34.5825475,-58.4056671,2019-09-18 05:32:04.755186-03:00
79,90,2,"{'mechanical': 2, 'ebike': 0}",4,14,0,1,1,1,1568795473,False,IN_SERVICE,090 - GUTIERREZ,20,-34.5866324,-58.3998749,2019-09-18 05:32:04.755186-03:00
80,91,2,"{'mechanical': 2, 'ebike': 0}",3,15,1,1,1,1,1568795302,False,IN_SERVICE,091 - Pasco,20,-34.6174482,-58.397602,2019-09-18 05:32:04.755186-03:00
81,92,3,"{'mechanical': 3, 'ebike': 0}",0,17,0,1,1,1,1568795432,False,IN_SERVICE,092 - Salcedo,20,-34.6316444,-58.4053386,2019-09-18 05:32:04.755186-03:00
82,93,1,"{'mechanical': 1, 'ebike': 0}",0,19,0,1,1,1,1568795453,False,IN_SERVICE,093 - CARLOS CALVO,20,-34.620798,-58.3944635,2019-09-18 05:32:04.755186-03:00
83,94,0,"{'mechanical': 0, 'ebike': 0}",1,29,0,1,1,1,1568795371,False,IN_SERVICE,094 - GÚZMAN,30,-34.591511,-58.449652,2019-09-18 05:32:04.755186-03:00
84,95,0,"{'mechanical': 0, 'ebike': 0}",5,11,0,1,1,1,1568795495,False,IN_SERVICE,095 - ESMERALDA,16,-34.6021121,-58.3781678,2019-09-18 05:32:04.755186-03:00
85,96,0,"{'mechanical': 0, 'ebike': 0}",0,20,0,1,1,1,1568795299,False,IN_SERVICE,096 - Carlos Gardel,20,-34.6027814,-58.4116586,2019-09-18 05:32:04.755186-03:00
86,98,1,"{'mechanical': 1, 'ebike': 0}",3,12,0,1,1,1,1568795489,False,IN_SERVICE,098 - Belgrano y roca,16,-34.6127689,-58.3769407,2019-09-18 05:32:04.755186-03:00
87,99,1,"{'mechanical': 1, 'ebike': 0}",2,17,0,1,1,1,1568795494,False,IN_SERVICE,099 - Malabia,20,-34.5960961,-58.435408,2019-09-18 05:32:04.755186-03:00
88,101,0,"{'mechanical': 0, 'ebike': 0}",0,20,0,1,1,1,1568795428,False,IN_SERVICE,101 - Fitz Roy,20,-34.5891857,-58.4424397,2019-09-18 05:32:04.755186-03:00
89,102,0,"{'mechanical': 0, 'ebike': 0}",1,11,0,1,1,1,1568795474,False,IN_SERVICE,102 - ROSETI,12,-34.5864287,-58.4458199,2019-09-18 05:32:04.755186-03:00
90,104,1,"{'mechanical': 1, 'ebike': 0}",0,29,0,1,1,1,1568795461,False,IN_SERVICE,104 - Federico Lacroze,30,-34.587617,-58.455212,2019-09-18 05:32:04.755186-03:00
91,105,0,"{'mechanical': 0, 'ebike': 0}",1,15,0,1,1,1,1568795439,False,IN_SERVICE,105 - 15 DE NOVIEMBRE,16,-34.6340844,-58.4008662,2019-09-18 05:32:04.755186-03:00
92,106,1,"{'mechanical': 1, 'ebike': 0}",2,17,2,1,1,1,1568795319,False,IN_SERVICE,106 - RINCÓN,20,-34.6152509,-58.3958827,2019-09-18 05:32:04.755186-03:00
93,107,0,"{'mechanical': 0, 'ebike': 0}",1,15,0,1,1,1,1568795077,False,IN_SERVICE,107 - HOSPITAL GARRAHAN,16,-34.630374,-58.395852,2019-09-18 05:32:04.755186-03:00
94,110,0,"{'mechanical': 0, 'ebike': 0}",3,17,0,1,1,1,1568795414,False,IN_SERVICE,110 - Guardia Vieja,20,-34.601738,-58.415434,2019-09-18 05:32:04.755186-03:00
95,111,4,"{'mechanical': 4, 'ebike': 0}",0,26,0,1,1,1,1568795495,False,IN_SERVICE,111 - MACACHA GUEMES,30,-34.6054877,-58.3646858,2019-09-18 05:32:04.755186-03:00
96,112,1,"{'mechanical': 1, 'ebike': 0}",0,15,0,1,1,1,1568795263,False,IN_SERVICE,112 - 9 de Julio,16,-34.612075,-58.380384,2019-09-18 05:32:04.755186-03:00
97,114,1,"{'mechanical': 1, 'ebike': 0}",2,27,0,1,1,1,1568795445,False,IN_SERVICE,114 - DELLA PAOLERA,30,-34.5949745,-58.3722554,2019-09-18 05:32:04.755186-03:00
98,115,4,"{'mechanical': 4, 'ebike': 0}",3,9,0,1,1,1,1568795459,False,IN_SERVICE,115 - QUINTANA,16,-34.5878001,-58.3908362,2019-09-18 05:32:04.755186-03:00
99,116,1,"{'mechanical': 1, 'ebike': 0}",2,9,1,1,1,1,1568795248,False,IN_SERVICE,116 - HOSPITAL ALEMÁN,12,-34.5921708,-58.4025894,2019-09-18 05:32:04.755186-03:00
100,117,0,"{'mechanical': 0, 'ebike': 0}",4,12,0,1,1,1,1568795459,False,IN_SERVICE,117 - HUMBERTO 1°,16,-34.6201008,-58.3741759,2019-09-18 05:32:04.755186-03:00
101,118,0,"{'mechanical': 0, 'ebike': 0}",3,17,0,1,1,1,1568795423,False,IN_SERVICE,118 - MEXICO,20,-34.6170196,-58.4026531,2019-09-18 05:32:04.755186-03:00
102,119,7,"{'mechanical': 7, 'ebike': 0}",3,10,0,1,1,1,1568795459,False,IN_SERVICE,119 - EMILIO MITRE,20,-34.5885608,-58.3973293,2019-09-18 05:32:04.755186-03:00
103,120,2,"{'mechanical': 2, 'ebike': 0}",7,11,0,1,1,1,1568795460,False,IN_SERVICE,120 - HOSPITAL RAMOS MEJIA,20,-34.617509,-58.4092876,2019-09-18 05:32:04.755186-03:00
104,121,0,"{'mechanical': 0, 'ebike': 0}",11,9,0,1,1,1,1568795292,False,IN_SERVICE,121 - YATAY,20,-34.6011732,-58.4285093,2019-09-18 05:32:04.755186-03:00
105,122,1,"{'mechanical': 1, 'ebike': 0}",3,16,0,1,1,1,1568795314,False,IN_SERVICE,122 - COSTA RICA,20,-34.5916569,-58.4204199,2019-09-18 05:32:04.755186-03:00
106,124,0,"{'mechanical': 0, 'ebike': 0}",0,20,0,1,1,1,1568795291,False,IN_SERVICE,124 - UGARTECHE,20,-34.580538,-58.411965,2019-09-18 05:32:04.755186-03:00
107,126,1,"{'mechanical': 1, 'ebike': 0}",0,15,0,1,1,1,1568795317,False,IN_SERVICE,126 - Ministerio de Justicia y Seguridad,16,-34.6402672,-58.3692243,2019-09-18 05:32:04.755186-03:00
108,127,0,"{'mechanical': 0, 'ebike': 0}",0,16,0,1,1,1,1568795335,False,IN_SERVICE,127 - SANTOS DUMONT Y OTERO,16,-34.5923884,-58.453077,2019-09-18 05:32:04.755186-03:00
109,128,2,"{'mechanical': 2, 'ebike': 0}",1,17,0,1,1,1,1568795294,False,IN_SERVICE,128 - PARQUE DEL BAJO,20,-34.6041138,-58.3689118,2019-09-18 05:32:04.755186-03:00
110,130,2,"{'mechanical': 2, 'ebike': 0}",1,37,1,1,1,1,1568795338,False,IN_SERVICE,130 - RETIRO II,40,-34.5921056,-58.3745419,2019-09-18 05:32:04.755186-03:00
111,131,12,"{'mechanical': 12, 'ebike': 0}",3,1,0,1,1,1,1568730847,False,IN_SERVICE,131- HOSPITAL DE CLÍNICAS,16,-34.5984043,-58.3990158,2019-09-18 05:32:04.755186-03:00
112,132,0,"{'mechanical': 0, 'ebike': 0}",2,10,0,1,1,1,1568795495,False,IN_SERVICE,132 - CORRIENTES,12,-34.6033685,-58.372763,2019-09-18 05:32:04.755186-03:00
113,134,1,"{'mechanical': 1, 'ebike': 0}",0,19,0,1,1,1,1568795358,False,IN_SERVICE,134 - DON BOSCO,20,-34.6118013,-58.4150532,2019-09-18 05:32:04.755186-03:00
114,135,0,"{'mechanical': 0, 'ebike': 0}",1,19,0,1,1,1,1568795301,False,IN_SERVICE,135 - MARCELO T. DE ALVEAR,20,-34.5972818,-58.3787856,2019-09-18 05:32:04.755186-03:00
115,137,14,"{'mechanical': 14, 'ebike': 0}",5,1,1,1,1,1,1568795264,False,IN_SERVICE,137 - AZOPARDO Y CHILE,20,-34.6155977,-58.3674923,2019-09-18 05:32:04.755186-03:00
116,138,4,"{'mechanical': 4, 'ebike': 0}",6,2,2,1,1,1,1568795244,False,IN_SERVICE,138 - Hospital Britanico,12,-34.6353595,-58.3876724,2019-09-18 05:32:04.755186-03:00
117,141,1,"{'mechanical': 1, 'ebike': 0}",1,18,0,1,1,1,1568795423,False,IN_SERVICE,141 - SOLIS Y ALSINA,20,-34.6115231,-58.3904968,2019-09-18 05:32:04.755186-03:00
118,143,0,"{'mechanical': 0, 'ebike': 0}",2,18,0,1,1,1,1568795309,False,IN_SERVICE,143 - BILLINGHURST Y VALENTÍN GOMEZ,20,-34.604709,-58.415807,2019-09-18 05:32:04.755186-03:00
119,144,0,"{'mechanical': 0, 'ebike': 0}",8,12,0,1,1,1,1568795502,False,IN_SERVICE,144 - PUEYRREDÓN,20,-34.6018744,-58.4060944,2019-09-18 05:32:04.755186-03:00
120,146,0,"{'mechanical': 0, 'ebike': 0}",0,20,0,1,1,1,1568795443,False,IN_SERVICE,146 - Hospital Francés,20,-34.6221118,-58.4078419,2019-09-18 05:32:04.755186-03:00
121,148,4,"{'mechanical': 4, 'ebike': 0}",3,21,1,1,1,1,1568795356,False,IN_SERVICE,323 - Parque Avellaneda II,28,-34.6446524,-58.4843274,2019-09-18 05:32:04.755186-03:00
122,149,0,"{'mechanical': 0, 'ebike': 0}",1,15,0,1,1,1,1568795392,False,IN_SERVICE,149 - LIMA,16,-34.6153266,-58.3813642,2019-09-18 05:32:04.755186-03:00
123,150,0,"{'mechanical': 0, 'ebike': 0}",0,30,0,1,1,1,1568795267,False,IN_SERVICE,150 - VERA PEÑALOZA,30,-34.6181003,-58.3631389,2019-09-18 05:32:04.755186-03:00
124,151,3,"{'mechanical': 3, 'ebike': 0}",3,18,0,1,1,1,1568795266,False,IN_SERVICE,151 - AIME PAINÉ,24,-34.6118145,-58.361285,2019-09-18 05:32:04.755186-03:00
125,152,0,"{'mechanical': 0, 'ebike': 0}",0,19,0,1,1,1,1568795304,False,IN_SERVICE,152 - JULIETA LANTERI,19,-34.6181645,-58.3596311,2019-09-18 05:32:04.755186-03:00
126,153,3,"{'mechanical': 3, 'ebike': 0}",6,6,2,1,1,1,1568795290,False,IN_SERVICE,153 - JUAN MANUEL DE BLANES,15,-34.6307765,-58.3620701,2019-09-18 05:32:04.755186-03:00
127,154,11,"{'mechanical': 11, 'ebike': 0}",2,7,2,1,1,1,1568795239,False,IN_SERVICE,154 - GALLO,20,-34.6005484,-58.4122849,2019-09-18 05:32:04.755186-03:00
128,155,0,"{'mechanical': 0, 'ebike': 0}",3,17,0,1,1,1,1568795369,False,IN_SERVICE,155 - Parque José Evaristo Uriburu,20,-34.6409617,-58.4125606,2019-09-18 05:32:04.755186-03:00
129,156,0,"{'mechanical': 0, 'ebike': 0}",1,19,0,1,1,1,1568795342,False,IN_SERVICE,156 - Plaza Alemania,20,-34.5775895,-58.4074696,2019-09-18 05:32:04.755186-03:00
130,158,0,"{'mechanical': 0, 'ebike': 0}",0,20,0,1,1,1,1568795429,False,IN_SERVICE,158 - VILLARROEL,20,-34.592735,-58.4450697,2019-09-18 05:32:04.755186-03:00
131,161,0,"{'mechanical': 0, 'ebike': 0}",0,20,0,1,1,1,1568795414,False,IN_SERVICE,161 - Humahuaca,20,-34.6020779,-58.4196761,2019-09-18 05:32:04.755186-03:00
132,162,4,"{'mechanical': 4, 'ebike': 0}",4,12,0,1,1,1,1568795362,False,IN_SERVICE,162 - LARREA Y BARTOLOMÉ MITRE,20,-34.608985,-58.401924,2019-09-18 05:32:04.755186-03:00
133,163,1,"{'mechanical': 1, 'ebike': 0}",2,27,0,1,1,1,1568794915,False,IN_SERVICE,163 - ONCE II,30,-34.6095663,-58.4064308,2019-09-18 05:32:04.755186-03:00
134,164,3,"{'mechanical': 3, 'ebike': 0}",0,17,0,1,1,1,1568795306,False,IN_SERVICE,164 - FACULTAD DE INGENERIA,20,-34.6181442,-58.3669021,2019-09-18 05:32:04.755186-03:00
135,165,1,"{'mechanical': 1, 'ebike': 0}",2,9,0,1,1,1,1568795314,False,IN_SERVICE,165 - PLAZA MONSEÑOR MIGUEL DE ANDREA,12,-34.597048,-58.407614,2019-09-18 05:32:04.755186-03:00
136,166,0,"{'mechanical': 0, 'ebike': 0}",3,17,1,1,1,1,1568795375,False,IN_SERVICE,166 - Cementerio de Recoleta,20,-34.5891897,-58.3932507,2019-09-18 05:32:04.755186-03:00
137,167,4,"{'mechanical': 4, 'ebike': 0}",2,10,0,1,1,1,1568795272,False,IN_SERVICE,275 - PLAZA 24 DE SEPTIEMBRE,16,-34.6070594,-58.4485709,2019-09-18 05:32:04.755186-03:00
138,168,0,"{'mechanical': 0, 'ebike': 0}",2,13,0,1,1,1,1568795440,False,IN_SERVICE,168 - Estados Unidos,16,-34.6186217,-58.3812271,2019-09-18 05:32:04.755186-03:00
139,169,0,"{'mechanical': 0, 'ebike': 0}",0,12,0,1,1,1,1568795401,False,IN_SERVICE,169 - FACULTAD DE PSICOLOGIA,12,-34.611875,-58.411887,2019-09-18 05:32:04.755186-03:00
140,170,0,"{'mechanical': 0, 'ebike': 0}",2,18,0,1,1,1,1568795383,False,IN_SERVICE,170 - SAN LUIS Y ECUADOR,20,-34.5996644,-58.4061023,2019-09-18 05:32:04.755186-03:00
141,171,3,"{'mechanical': 3, 'ebike': 0}",2,15,0,1,1,1,1568795375,False,IN_SERVICE,171 - Pasteur,20,-34.6032813,-58.3997553,2019-09-18 05:32:04.755186-03:00
142,172,0,"{'mechanical': 0, 'ebike': 0}",2,14,0,1,1,1,1568795344,False,IN_SERVICE,172 - BRASIL,16,-34.625426,-58.371082,2019-09-18 05:32:04.755186-03:00
143,173,0,"{'mechanical': 0, 'ebike': 0}",1,15,0,1,1,1,1568795446,False,IN_SERVICE,173 - PLAZA CECILIA GRIERSON,16,-34.6222964,-58.3751607,2019-09-18 05:32:04.755186-03:00
144,174,0,"{'mechanical': 0, 'ebike': 0}",1,19,1,1,1,1,1568795377,False,IN_SERVICE,174 - MINISTERIO DE EDUCACION,20,-34.597225,-58.391768,2019-09-18 05:32:04.755186-03:00
145,175,0,"{'mechanical': 0, 'ebike': 0}",8,28,0,1,1,1,1568795413,False,IN_SERVICE,147 - Constitución,36,-34.6267408,-58.3809349,2019-09-18 05:32:04.755186-03:00
146,176,10,"{'mechanical': 10, 'ebike': 0}",6,4,0,1,1,1,1568795268,False,IN_SERVICE,176 - PINZÓN Y MARTÍN RODRIGUEZ,20,-34.6341873,-58.3611029,2019-09-18 05:32:04.755186-03:00
147,177,0,"{'mechanical': 0, 'ebike': 0}",1,11,0,1,1,1,1568795281,False,IN_SERVICE,177 -PLANETARIO,12,-34.5680151,-58.41208,2019-09-18 05:32:04.755186-03:00
148,179,5,"{'mechanical': 5, 'ebike': 0}",8,6,0,1,1,1,1568795445,False,IN_SERVICE,179 - LA BOCA,19,-34.638989,-58.3605313,2019-09-18 05:32:04.755186-03:00
149,180,1,"{'mechanical': 1, 'ebike': 0}",1,18,0,1,1,1,1568795320,False,IN_SERVICE,180 - CASTRO Y MEXICO,20,-34.619775,-58.420492,2019-09-18 05:32:04.755186-03:00
150,181,0,"{'mechanical': 0, 'ebike': 0}",2,18,0,1,1,1,1568795360,False,IN_SERVICE,181 - BILLINGHURST Y MANSILLA,20,-34.5927221,-58.4120394,2019-09-18 05:32:04.755186-03:00
151,182,1,"{'mechanical': 1, 'ebike': 0}",0,19,0,1,1,1,1568795312,False,IN_SERVICE,182 - RAVIGNANI Y GUATEMALA,20,-34.5780479,-58.4352466,2019-09-18 05:32:04.755186-03:00
152,183,0,"{'mechanical': 0, 'ebike': 0}",4,15,0,1,1,1,1568795344,False,IN_SERVICE,183 - VIRREY CEVALLOS,19,-34.6156994,-58.3899728,2019-09-18 05:32:04.755186-03:00
153,184,2,"{'mechanical': 2, 'ebike': 0}",4,14,0,1,1,1,1568795409,False,IN_SERVICE,184 - Pedro Echague,20,-34.6306129,-58.3913419,2019-09-18 05:32:04.755186-03:00
154,185,3,"{'mechanical': 3, 'ebike': 0}",0,17,0,1,1,1,1568795389,False,IN_SERVICE,185 - AV. PAVÓN Y 33 ORIENTALES,20,-34.63133,-58.42177,2019-09-18 05:32:04.755186-03:00
155,186,0,"{'mechanical': 0, 'ebike': 0}",2,18,0,1,1,1,1568795312,False,IN_SERVICE,186 - MANZANA 66,20,-34.6136356,-58.4064415,2019-09-18 05:32:04.755186-03:00
156,187,1,"{'mechanical': 1, 'ebike': 0}",4,11,0,1,1,1,1568795407,False,IN_SERVICE,261 - QUINTEROS LIDORO,16,-34.5528626,-58.450854,2019-09-18 05:32:04.755186-03:00
157,188,4,"{'mechanical': 4, 'ebike': 0}",6,10,0,1,1,1,1568795356,False,IN_SERVICE,373 - Jorgelina De Simone,20,-34.623923,-58.3904814,2019-09-18 05:32:04.755186-03:00
158,189,1,"{'mechanical': 1, 'ebike': 0}",0,19,0,1,1,1,1568795266,False,IN_SERVICE,189 - POSADAS,20,-34.5886889,-58.3852113,2019-09-18 05:32:04.755186-03:00
159,190,0,"{'mechanical': 0, 'ebike': 0}",1,19,0,1,1,1,1568795333,False,IN_SERVICE,190 - JUNCAL,20,-34.5850763,-58.4111136,2019-09-18 05:32:04.755186-03:00
160,191,0,"{'mechanical': 0, 'ebike': 0}",0,16,0,1,1,1,1568795370,False,IN_SERVICE,191 - Rivadavia y 9 de Julio,16,-34.6079305,-58.3808358,2019-09-18 05:32:04.755186-03:00
161,192,1,"{'mechanical': 1, 'ebike': 0}",5,14,0,1,1,1,1568795462,False,IN_SERVICE,192 - Talcahuano,20,-34.5972773,-58.3855748,2019-09-18 05:32:04.755186-03:00
162,193,1,"{'mechanical': 1, 'ebike': 0}",4,15,0,1,1,1,1568795468,False,IN_SERVICE,193 - ARENALES Y AGUERO,20,-34.5908626,-58.4061652,2019-09-18 05:32:04.755186-03:00
163,194,2,"{'mechanical': 2, 'ebike': 0}",0,14,1,1,1,1,1568795508,False,IN_SERVICE,194 - PERÓN Y ACUÑA DE FIGUEROA,16,-34.6060758,-58.4224635,2019-09-18 05:32:04.755186-03:00
164,195,0,"{'mechanical': 0, 'ebike': 0}",3,17,0,1,1,1,1568795388,False,IN_SERVICE,357 - PLAZA MARTIN FIERRO,20,-34.6260785,-58.407389,2019-09-18 05:32:04.755186-03:00
165,196,16,"{'mechanical': 16, 'ebike': 0}",1,3,10,1,1,1,1568795460,False,IN_SERVICE,196 - HOSPITAL ARGERICH,20,-34.6275351,-58.3657211,2019-09-18 05:32:04.755186-03:00
166,197,0,"{'mechanical': 0, 'ebike': 0}",1,19,0,1,1,1,1568795315,False,IN_SERVICE,197 - Quintino Bocayuva,20,-34.613449,-58.4233969,2019-09-18 05:32:04.755186-03:00
167,199,0,"{'mechanical': 0, 'ebike': 0}",0,20,0,1,1,1,1568795465,False,IN_SERVICE,199 - ESTADOS UNIDOS Y BOEDO,20,-34.6222601,-58.4160137,2019-09-18 05:32:04.755186-03:00
168,200,0,"{'mechanical': 0, 'ebike': 0}",2,18,1,1,1,1,1568795445,False,IN_SERVICE,200 - AUSTRIA Y FRENCH,20,-34.5883282,-58.4038684,2019-09-18 05:32:04.755186-03:00
169,201,0,"{'mechanical': 0, 'ebike': 0}",0,20,0,1,1,1,1568795450,False,IN_SERVICE,175 - Esmeralda y Corrientes,20,-34.6034449,-58.378167,2019-09-18 05:32:04.755186-03:00
170,202,25,"{'mechanical': 25, 'ebike': 0}",1,4,5,1,1,1,1568795383,False,IN_SERVICE,001 - FACULTAD DE DERECHO,30,-34.583811,-58.390967,2019-09-18 05:32:04.755186-03:00
171,203,2,"{'mechanical': 2, 'ebike': 0}",4,18,1,1,1,1,1568795450,False,IN_SERVICE,108 - Usina del Arte,24,-34.628511,-58.356004,2019-09-18 05:32:04.755186-03:00
172,204,0,"{'mechanical': 0, 'ebike': 0}",0,24,0,1,1,1,1568795372,False,IN_SERVICE,167 - Hipólito Yrigoyen,24,-34.6148209,-58.4278453,2019-09-18 05:32:04.755186-03:00
173,205,0,"{'mechanical': 0, 'ebike': 0}",3,13,0,1,1,1,1568795299,False,IN_SERVICE,125 - F.J.Santamaria de Oro,16,-34.5832733,-58.4279562,2019-09-18 05:32:04.755186-03:00
174,206,2,"{'mechanical': 2, 'ebike': 0}",1,13,0,1,1,1,1568795343,False,IN_SERVICE,159 - Fitz Roy & Gorriti,16,-34.5849119,-58.4372524,2019-09-18 05:32:04.755186-03:00
175,207,2,"{'mechanical': 2, 'ebike': 0}",4,14,0,1,1,1,1568795319,False,IN_SERVICE,123 - Armenia,20,-34.5852485,-58.420906,2019-09-18 05:32:04.755186-03:00
176,208,0,"{'mechanical': 0, 'ebike': 0}",0,20,0,1,1,1,1568795313,False,IN_SERVICE,145 - RAVIGNANI,20,-34.5804702,-58.4379925,2019-09-18 05:32:04.755186-03:00
177,210,0,"{'mechanical': 0, 'ebike': 0}",5,15,1,1,1,1,1568795428,False,IN_SERVICE,335 - General Urquiza,20,-34.572132,-58.4113228,2019-09-18 05:32:04.755186-03:00
178,211,0,"{'mechanical': 0, 'ebike': 0}",3,17,0,1,1,1,1568795277,False,IN_SERVICE,195 - Plaza Garay,20,-34.6266267,-58.3879696,2019-09-18 05:32:04.755186-03:00
179,212,5,"{'mechanical': 5, 'ebike': 0}",0,15,0,1,1,1,1568795314,False,IN_SERVICE,129 - Velasco,20,-34.600164,-58.434983,2019-09-18 05:32:04.755186-03:00
180,213,3,"{'mechanical': 3, 'ebike': 0}",0,17,0,1,1,1,1568795468,False,IN_SERVICE,136 - Acevedo,20,-34.5995649,-58.4425362,2019-09-18 05:32:04.755186-03:00
181,214,1,"{'mechanical': 1, 'ebike': 0}",1,14,1,1,1,1,1568795339,False,IN_SERVICE,142 - Armenia y Gorriti,16,-34.5905808,-58.4289624,2019-09-18 05:32:04.755186-03:00
182,215,0,"{'mechanical': 0, 'ebike': 0}",1,19,0,1,1,1,1568795260,False,IN_SERVICE,113 - Guatemala,20,-34.5858843,-58.4251226,2019-09-18 05:32:04.755186-03:00
183,216,2,"{'mechanical': 2, 'ebike': 0}",4,14,2,1,1,1,1568795357,False,IN_SERVICE,059 - Coronel Diaz,20,-34.5900976,-58.4114907,2019-09-18 05:32:04.755186-03:00
184,217,0,"{'mechanical': 0, 'ebike': 0}",0,16,0,1,1,1,1568795260,False,IN_SERVICE,198 - HOSPITAL SARDÁ,16,-34.6342818,-58.4042123,2019-09-18 05:32:04.755186-03:00
185,218,2,"{'mechanical': 2, 'ebike': 0}",2,12,0,1,1,1,1568795425,False,IN_SERVICE,067 - Senillosa,16,-34.638523,-58.425464,2019-09-18 05:32:04.755186-03:00
186,219,12,"{'mechanical': 12, 'ebike': 0}",4,0,3,1,1,1,1568795302,False,IN_SERVICE,140 - Las Casas,16,-34.6351732,-58.4157035,2019-09-18 05:32:04.755186-03:00
187,220,0,"{'mechanical': 0, 'ebike': 0}",1,15,0,1,1,1,1568795096,False,IN_SERVICE,097 - Avelino Diaz,16,-34.6354717,-58.4279173,2019-09-18 05:32:04.755186-03:00
188,221,0,"{'mechanical': 0, 'ebike': 0}",1,19,0,1,1,1,1568795356,False,IN_SERVICE,157 - Senillosa y Zuviria,20,-34.6280441,-58.4274042,2019-09-18 05:32:04.755186-03:00
189,222,0,"{'mechanical': 0, 'ebike': 0}",1,19,0,1,1,1,1568795388,False,IN_SERVICE,160 - Godoy Cruz y Libertador,20,-34.5727715,-58.4206642,2019-09-18 05:32:04.755186-03:00
190,223,1,"{'mechanical': 1, 'ebike': 0}",4,11,0,1,1,1,1568795299,False,IN_SERVICE,178 - José Marmol,16,-34.623456,-58.424895,2019-09-18 05:32:04.755186-03:00
191,224,0,"{'mechanical': 0, 'ebike': 0}",0,20,0,1,1,1,1568795357,False,IN_SERVICE,133 - Nicaragua,20,-34.5808537,-58.434484,2019-09-18 05:32:04.755186-03:00
192,225,0,"{'mechanical': 0, 'ebike': 0}",0,20,0,1,1,1,1568795322,False,IN_SERVICE,109 - Lerma,20,-34.5968511,-58.4295184,2019-09-18 05:32:04.755186-03:00
193,226,0,"{'mechanical': 0, 'ebike': 0}",7,13,0,1,1,1,1568795343,False,IN_SERVICE,139 - Virrey Liniers,20,-34.633335,-58.4132263,2019-09-18 05:32:04.755186-03:00
194,227,1,"{'mechanical': 1, 'ebike': 0}",6,13,0,1,1,1,1568795473,False,IN_SERVICE,188 - Aranguren,20,-34.6105021,-58.4327935,2019-09-18 05:32:04.755186-03:00
195,228,0,"{'mechanical': 0, 'ebike': 0}",3,17,1,1,1,1,1568795288,False,IN_SERVICE,010 - Madero UCA,20,-34.6162819,-58.3657444,2019-09-18 05:32:04.755186-03:00
196,229,0,"{'mechanical': 0, 'ebike': 0}",0,12,0,1,1,1,1568795317,False,IN_SERVICE,243 - PLAZOLETA CELEDONIO FLORES,12,-34.5813811,-58.4514575,2019-09-18 05:32:04.755186-03:00
197,230,0,"{'mechanical': 0, 'ebike': 0}",3,13,0,1,1,1,1568795291,False,IN_SERVICE,259 - PLAZA CASTELLI,16,-34.5678255,-58.4645037,2019-09-18 05:32:04.755186-03:00
198,231,0,"{'mechanical': 0, 'ebike': 0}",0,16,0,1,1,1,1568795386,False,IN_SERVICE,384 - PLAZA BENITO NAZAR,16,-34.6051305,-58.4458398,2019-09-18 05:32:04.755186-03:00
199,232,1,"{'mechanical': 1, 'ebike': 0}",5,14,0,1,1,1,1568795439,False,IN_SERVICE,252 - Tamborini,20,-34.5599395,-58.4788904,2019-09-18 05:32:04.755186-03:00
200,233,0,"{'mechanical': 0, 'ebike': 0}",2,22,0,1,1,1,1568795451,False,IN_SERVICE,389 - Plaza República De Mexico,24,-34.5539765,-58.4360367,2019-09-18 05:32:04.755186-03:00
201,234,0,"{'mechanical': 0, 'ebike': 0}",1,19,0,1,1,1,1568795480,False,IN_SERVICE,344 - UNIVERSIDAD DI TELLA,20,-34.5483593,-58.4475673,2019-09-18 05:32:04.755186-03:00
202,235,5,"{'mechanical': 5, 'ebike': 0}",2,17,0,1,1,1,1568795297,False,IN_SERVICE,281 - Villa Urquiza,24,-34.5737764,-58.4868051,2019-09-18 05:32:04.755186-03:00
203,236,0,"{'mechanical': 0, 'ebike': 0}",1,15,0,1,1,1,1568795408,False,IN_SERVICE,254 - Plaza Rafael Hernandez,16,-34.5623422,-58.4550484,2019-09-18 05:32:04.755186-03:00
204,238,0,"{'mechanical': 0, 'ebike': 0}",5,19,0,1,1,1,1568795444,False,IN_SERVICE,217 - Cachimayo,24,-34.6365814,-58.4367011,2019-09-18 05:32:04.755186-03:00
205,239,0,"{'mechanical': 0, 'ebike': 0}",1,19,0,1,1,1,1568795442,False,IN_SERVICE,391 - Plaza República de Ecuador,20,-34.5650089,-58.4201625,2019-09-18 05:32:04.755186-03:00
206,240,1,"{'mechanical': 1, 'ebike': 0}",0,23,0,1,1,1,1568795355,False,IN_SERVICE,239 - Vidal,24,-34.558137,-58.465559,2019-09-18 05:32:04.755186-03:00
207,241,0,"{'mechanical': 0, 'ebike': 0}",1,11,0,1,1,1,1568795373,False,IN_SERVICE,348 - Villa del Parque,12,-34.600874,-58.494123,2019-09-18 05:32:04.755186-03:00
208,242,0,"{'mechanical': 0, 'ebike': 0}",1,19,0,1,1,1,1568795486,False,IN_SERVICE,103 - MALBA,20,-34.5771741,-58.4032162,2019-09-18 05:32:04.755186-03:00
209,244,1,"{'mechanical': 1, 'ebike': 0}",0,19,0,1,1,1,1568795417,False,IN_SERVICE,266 - Plaza Alfredo Nobel,20,-34.5874735,-58.4842469,2019-09-18 05:32:04.755186-03:00
210,245,0,"{'mechanical': 0, 'ebike': 0}",1,15,0,1,1,1,1568795378,False,IN_SERVICE,248 - Husares,16,-34.5522044,-58.4431506,2019-09-18 05:32:04.755186-03:00
211,246,0,"{'mechanical': 0, 'ebike': 0}",1,15,0,1,1,1,1568795443,False,IN_SERVICE,338 - Sucre y Dragones,16,-34.554326,-58.4389256,2019-09-18 05:32:04.755186-03:00
212,247,1,"{'mechanical': 1, 'ebike': 0}",0,17,0,1,1,1,1568795485,False,IN_SERVICE,282 - Tronador,18,-34.5839895,-58.4666304,2019-09-18 05:32:04.755186-03:00
213,248,7,"{'mechanical': 7, 'ebike': 0}",1,12,0,1,1,1,1568795339,False,IN_SERVICE,346 - Plaza Zapiola,20,-34.5738411,-58.4742812,2019-09-18 05:32:04.755186-03:00
214,249,6,"{'mechanical': 6, 'ebike': 0}",8,2,1,1,1,1,1568795426,False,IN_SERVICE,307 - LEONARDO PEREYRA,16,-34.6511776,-58.3887759,2019-09-18 05:32:04.755186-03:00
215,250,9,"{'mechanical': 9, 'ebike': 0}",7,0,0,1,1,1,1568795272,False,IN_SERVICE,366 - Plaza Diaz Velez,16,-34.6526797,-58.377215,2019-09-18 05:32:04.755186-03:00
216,251,1,"{'mechanical': 1, 'ebike': 0}",5,14,0,1,1,1,1568795265,False,IN_SERVICE,388 - Plaza Jose C Paz,20,-34.6446224,-58.409772,2019-09-18 05:32:04.755186-03:00
217,252,5,"{'mechanical': 5, 'ebike': 0}",5,6,0,1,1,1,1568795362,False,IN_SERVICE,331 - PLAZA HERRERA,16,-34.6445163,-58.3762137,2019-09-18 05:32:04.755186-03:00
218,253,1,"{'mechanical': 1, 'ebike': 0}",2,17,0,1,1,1,1568795376,False,IN_SERVICE,383 - Boedo & Venezuela,20,-34.6172808,-58.4167728,2019-09-18 05:32:04.755186-03:00
219,254,0,"{'mechanical': 0, 'ebike': 0}",0,16,0,1,1,1,1568795511,False,IN_SERVICE,276 - PRIMERA JUNTA,16,-34.6206836,-58.4415718,2019-09-18 05:32:04.755186-03:00
220,255,0,"{'mechanical': 0, 'ebike': 0}",0,16,0,1,1,1,1568795327,False,IN_SERVICE,374 - Puan,16,-34.6221889,-58.44855,2019-09-18 05:32:04.755186-03:00
221,256,0,"{'mechanical': 0, 'ebike': 0}",0,20,0,1,1,1,1568795328,False,IN_SERVICE,209 - PAYSANDU,20,-34.610398,-58.454304,2019-09-18 05:32:04.755186-03:00
222,257,21,"{'mechanical': 21, 'ebike': 0}",3,0,1,1,1,1,1568795379,False,IN_SERVICE,264 - Plaza Marcos Sastre,24,-34.570829,-58.481233,2019-09-18 05:32:04.755186-03:00
223,258,0,"{'mechanical': 0, 'ebike': 0}",3,13,0,1,1,1,1568795326,False,IN_SERVICE,336 - La Pampa,16,-34.5655918,-58.4554838,2019-09-18 05:32:04.755186-03:00
224,259,0,"{'mechanical': 0, 'ebike': 0}",1,15,0,1,1,1,1568795344,False,IN_SERVICE,290 - Club Excursionistas,16,-34.5580469,-58.4434052,2019-09-18 05:32:04.755186-03:00
225,260,0,"{'mechanical': 0, 'ebike': 0}",1,17,0,1,1,1,1568795438,False,IN_SERVICE,371 - Paseo de las Americas,18,-34.550961,-58.4381142,2019-09-18 05:32:04.755186-03:00
226,261,2,"{'mechanical': 2, 'ebike': 0}",1,13,0,1,1,1,1568795178,False,IN_SERVICE,272 - Plaza Bruno Giordano,16,-34.616207,-58.4406995,2019-09-18 05:32:04.755186-03:00
227,262,2,"{'mechanical': 2, 'ebike': 0}",1,13,0,1,1,1,1568795342,False,IN_SERVICE,349 - Plaza Saenz Peña,16,-34.60962,-58.4673963,2019-09-18 05:32:04.755186-03:00
228,263,2,"{'mechanical': 2, 'ebike': 0}",2,8,0,1,1,1,1568795313,False,IN_SERVICE,270 - PLAZA DEL ANGEL GRIS,12,-34.6217948,-58.4575279,2019-09-18 05:32:04.755186-03:00
229,264,1,"{'mechanical': 1, 'ebike': 0}",3,12,0,1,1,1,1568795446,False,IN_SERVICE,283 - CNEL. JUAN CRUZ CZETZ,16,-34.5559308,-58.4812325,2019-09-18 05:32:04.755186-03:00
230,265,7,"{'mechanical': 7, 'ebike': 0}",7,2,2,1,1,1,1568795295,False,IN_SERVICE,361 - Plaza Don Segundo Sombra,16,-34.6418833,-58.450658,2019-09-18 05:32:04.755186-03:00
231,266,11,"{'mechanical': 11, 'ebike': 0}",4,1,3,1,1,1,1568795346,False,IN_SERVICE,379 - BERG,16,-34.6601336,-58.4287202,2019-09-18 05:32:04.755186-03:00
232,267,3,"{'mechanical': 3, 'ebike': 0}",5,4,0,1,1,1,1568795311,False,IN_SERVICE,353 - PLAZA VELEZ SARSFIELD,12,-34.6296512,-58.4835484,2019-09-18 05:32:04.755186-03:00
233,268,0,"{'mechanical': 0, 'ebike': 0}",5,23,0,1,1,1,1568795380,False,IN_SERVICE,399 - GARCIA DEL RIO,28,-34.550293,-58.4764172,2019-09-18 05:32:04.755186-03:00
234,269,0,"{'mechanical': 0, 'ebike': 0}",1,17,0,1,1,1,1568795315,False,IN_SERVICE,260 - SAN MIGUEL DE GARICOITS,18,-34.577296,-58.457854,2019-09-18 05:32:04.755186-03:00
235,270,2,"{'mechanical': 2, 'ebike': 0}",7,7,1,1,1,1,1568795416,False,IN_SERVICE,370 - Beauchef,16,-34.640114,-58.43026,2019-09-18 05:32:04.755186-03:00
236,271,4,"{'mechanical': 4, 'ebike': 0}",5,11,0,1,1,1,1568795426,False,IN_SERVICE,365 - Venancio Flores,20,-34.63008,-58.47426,2019-09-18 05:32:04.755186-03:00
237,272,0,"{'mechanical': 0, 'ebike': 0}",0,20,0,1,1,1,1568795291,False,IN_SERVICE,347 - PLAZA MALAVER,20,-34.5883744,-58.4668651,2019-09-18 05:32:04.755186-03:00
238,273,0,"{'mechanical': 0, 'ebike': 0}",3,13,0,1,1,1,1568795505,False,IN_SERVICE,223 - GAINZA,16,-34.61668,-58.4466674,2019-09-18 05:32:04.755186-03:00
239,274,2,"{'mechanical': 2, 'ebike': 0}",2,20,0,1,1,1,1568795340,False,IN_SERVICE,369 - Ciudad De La Paz,24,-34.5563511,-58.4630428,2019-09-18 05:32:04.755186-03:00
240,275,0,"{'mechanical': 0, 'ebike': 0}",2,18,0,1,1,1,1568795328,False,IN_SERVICE,256 - PLAZA NORUEGA,20,-34.5622136,-58.4588816,2019-09-18 05:32:04.755186-03:00
241,276,13,"{'mechanical': 13, 'ebike': 0}",2,1,0,1,1,1,1568795288,False,IN_SERVICE,296 - FREIRE,16,-34.559476,-58.4699652,2019-09-18 05:32:04.755186-03:00
242,277,0,"{'mechanical': 0, 'ebike': 0}",0,12,0,1,1,1,1568795328,False,IN_SERVICE,292 - PLAZA BOLIVIA,12,-34.5634645,-58.4360367,2019-09-18 05:32:04.755186-03:00
243,278,2,"{'mechanical': 2, 'ebike': 0}",1,13,0,1,1,1,1568795379,False,IN_SERVICE,233 - MONROE,16,-34.564083,-58.469789,2019-09-18 05:32:04.755186-03:00
244,279,0,"{'mechanical': 0, 'ebike': 0}",4,16,0,1,1,1,1568795388,False,IN_SERVICE,325 - CASTELLI Y PERON,20,-34.6074177,-58.4047854,2019-09-18 05:32:04.755186-03:00
245,280,4,"{'mechanical': 4, 'ebike': 0}",4,16,0,1,1,1,1568795317,False,IN_SERVICE,222 - SIMON BOLIVAR,24,-34.6333113,-58.4494755,2019-09-18 05:32:04.755186-03:00
246,281,1,"{'mechanical': 1, 'ebike': 0}",5,10,0,1,1,1,1568795366,False,IN_SERVICE,350 - Plaza Irlanda,16,-34.6138773,-58.4583742,2019-09-18 05:32:04.755186-03:00
247,282,0,"{'mechanical': 0, 'ebike': 0}",1,19,0,1,1,1,1568795476,False,IN_SERVICE,332 - PLAZOLETA PORTUGAL,20,-34.5699743,-58.4562794,2019-09-18 05:32:04.755186-03:00
248,283,0,"{'mechanical': 0, 'ebike': 0}",0,20,0,1,1,1,1568795353,False,IN_SERVICE,228 - BALDOMERO,20,-34.6355054,-58.456035,2019-09-18 05:32:04.755186-03:00
249,284,0,"{'mechanical': 0, 'ebike': 0}",4,16,0,1,1,1,1568795428,False,IN_SERVICE,229 - RIGLOS,20,-34.6311092,-58.4350943,2019-09-18 05:32:04.755186-03:00
250,285,0,"{'mechanical': 0, 'ebike': 0}",0,20,0,1,1,1,1568795467,False,IN_SERVICE,400 - Reserva Ecologica,20,-34.6172122,-58.3561752,2019-09-18 05:32:04.755186-03:00
251,286,1,"{'mechanical': 1, 'ebike': 0}",2,13,0,1,1,1,1568795327,False,IN_SERVICE,284 - BONIFACIO Y CARABOBO,16,-34.6304712,-58.4551112,2019-09-18 05:32:04.755186-03:00
252,287,1,"{'mechanical': 1, 'ebike': 0}",1,18,0,1,1,1,1568795421,False,IN_SERVICE,299 - HIDALGO,20,-34.6103343,-58.4409183,2019-09-18 05:32:04.755186-03:00
253,288,8,"{'mechanical': 8, 'ebike': 0}",7,5,0,1,1,1,1568795312,False,IN_SERVICE,333 - MIRO,20,-34.6404886,-58.4429517,2019-09-18 05:32:04.755186-03:00
254,289,1,"{'mechanical': 1, 'ebike': 0}",0,23,0,1,1,1,1568795446,False,IN_SERVICE,255 - BARRANCAS DE BELGRANO,24,-34.5597934,-58.4484316,2019-09-18 05:32:04.755186-03:00
255,290,0,"{'mechanical': 0, 'ebike': 0}",1,19,0,1,1,1,1568795458,False,IN_SERVICE,224 - FERROCARRIL OESTE,20,-34.6186003,-58.4456027,2019-09-18 05:32:04.755186-03:00
256,291,0,"{'mechanical': 0, 'ebike': 0}",0,16,0,1,1,1,1568795383,False,IN_SERVICE,244 - UADE,16,-34.616985,-58.381621,2019-09-18 05:32:04.755186-03:00
257,292,0,"{'mechanical': 0, 'ebike': 0}",7,13,1,1,1,1,1568795473,False,IN_SERVICE,355 - PLAZA RICARDO LLERAS,20,-34.634796,-58.378109,2019-09-18 05:32:04.755186-03:00
258,293,0,"{'mechanical': 0, 'ebike': 0}",1,15,0,1,1,1,1568795263,False,IN_SERVICE,294 - Bonifacio,16,-34.6264943,-58.4324405,2019-09-18 05:32:04.755186-03:00
259,294,1,"{'mechanical': 1, 'ebike': 0}",17,2,1,1,1,1,1568757915,False,IN_SERVICE,363 - Udaondo,20,-34.5458835,-58.4520062,2019-09-18 05:32:04.755186-03:00
260,295,17,"{'mechanical': 17, 'ebike': 0}",2,1,2,1,1,1,1568795245,False,IN_SERVICE,392 - Calasanz,20,-34.624802,-58.437683,2019-09-18 05:32:04.755186-03:00
261,296,0,"{'mechanical': 0, 'ebike': 0}",1,15,0,1,1,1,1568795465,False,IN_SERVICE,293 - PEDERNERA,16,-34.632961,-58.462547,2019-09-18 05:32:04.755186-03:00
262,297,0,"{'mechanical': 0, 'ebike': 0}",2,14,0,1,1,1,1568795426,False,IN_SERVICE,320 - QUIRNO,16,-34.640978,-58.466118,2019-09-18 05:32:04.755186-03:00
263,298,5,"{'mechanical': 5, 'ebike': 0}",4,7,0,1,1,1,1568795324,False,IN_SERVICE,271 - Plazoleta 11 de Noviembre,16,-34.634443,-58.463437,2019-09-18 05:32:04.755186-03:00
264,299,4,"{'mechanical': 4, 'ebike': 0}",0,16,0,1,1,1,1568795418,False,IN_SERVICE,221 - CULPINA,20,-34.631486,-58.466293,2019-09-18 05:32:04.755186-03:00
265,300,9,"{'mechanical': 9, 'ebike': 0}",1,10,3,1,1,1,1568795444,False,IN_SERVICE,321 - PERITO MORENO,20,-34.649215,-58.431683,2019-09-18 05:32:04.755186-03:00
266,301,13,"{'mechanical': 13, 'ebike': 0}",4,3,2,1,1,1,1568795502,False,IN_SERVICE,309 - HOMERO MANZI,20,-34.644841,-58.431785,2019-09-18 05:32:04.755186-03:00
267,302,10,"{'mechanical': 10, 'ebike': 0}",5,1,1,1,1,1,1568795470,False,IN_SERVICE,340 - PLAZA NUEVA POMPEYA,16,-34.651955,-58.415423,2019-09-18 05:32:04.755186-03:00
268,303,1,"{'mechanical': 1, 'ebike': 0}",1,18,0,1,1,1,1568795451,False,IN_SERVICE,238 - RIVERA,20,-34.5577145,-58.4626871,2019-09-18 05:32:04.755186-03:00
269,304,0,"{'mechanical': 0, 'ebike': 0}",0,16,0,1,1,1,1568795417,False,IN_SERVICE,395 - Agronomia II,16,-34.589409,-58.484204,2019-09-18 05:32:04.755186-03:00
270,305,8,"{'mechanical': 8, 'ebike': 0}",1,7,0,1,1,1,1568795469,False,IN_SERVICE,398 - Rojas,16,-34.612684,-58.44487,2019-09-18 05:32:04.755186-03:00
271,306,0,"{'mechanical': 0, 'ebike': 0}",0,20,0,1,1,1,1568795310,False,IN_SERVICE,380 - Paysandu y Galicia,20,-34.608465,-58.45585,2019-09-18 05:32:04.755186-03:00
272,307,3,"{'mechanical': 3, 'ebike': 0}",5,12,1,1,1,1,1568795385,False,IN_SERVICE,358 - Plaza Almirante Brown,20,-34.6451626,-58.365323,2019-09-18 05:32:04.755186-03:00
273,308,0,"{'mechanical': 0, 'ebike': 0}",4,16,0,1,1,1,1568795375,False,IN_SERVICE,251 - Solar de la Abadía,20,-34.567639,-58.436847,2019-09-18 05:32:04.755186-03:00
274,309,1,"{'mechanical': 1, 'ebike': 0}",4,15,0,1,1,1,1568795276,False,IN_SERVICE,298 - IRALA,20,-34.6350001,-58.367059,2019-09-18 05:32:04.755186-03:00
275,310,0,"{'mechanical': 0, 'ebike': 0}",5,11,2,1,1,1,1568795379,False,IN_SERVICE,356 - Plaza Sergio Karakachoff,16,-34.63819,-58.37747,2019-09-18 05:32:04.755186-03:00
276,311,1,"{'mechanical': 1, 'ebike': 0}",2,17,0,1,1,1,1568795312,False,IN_SERVICE,213 - Hospital Alvear,20,-34.5972098,-58.47421143,2019-09-18 05:32:04.755186-03:00
277,312,0,"{'mechanical': 0, 'ebike': 0}",6,14,0,1,1,1,1568795497,False,IN_SERVICE,311 - CONCORDIA,20,-34.629028,-58.4769111,2019-09-18 05:32:04.755186-03:00
278,313,1,"{'mechanical': 1, 'ebike': 0}",0,19,0,1,1,1,1568795430,False,IN_SERVICE,291 - UNIVERSIDAD DE BELGRANO,20,-34.565003,-58.4449536,2019-09-18 05:32:04.755186-03:00
279,314,0,"{'mechanical': 0, 'ebike': 0}",5,11,0,1,1,1,1568795328,False,IN_SERVICE,212 - SOR JUANA,16,-34.61047,-58.4602399,2019-09-18 05:32:04.755186-03:00
280,316,2,"{'mechanical': 2, 'ebike': 0}",0,14,0,1,1,1,1568795413,False,IN_SERVICE,205 - SAN MARTIN,16,-34.605638,-58.4533609,2019-09-18 05:32:04.755186-03:00
281,317,0,"{'mechanical': 0, 'ebike': 0}",0,20,0,1,1,1,1568795322,False,IN_SERVICE,220 - GIRIBONE,20,-34.5797368,-58.4578146,2019-09-18 05:32:04.755186-03:00
282,318,3,"{'mechanical': 3, 'ebike': 0}",0,17,0,1,1,1,1568795269,False,IN_SERVICE,285 - ESPINOSA,20,-34.603935,-58.45732,2019-09-18 05:32:04.755186-03:00
283,319,1,"{'mechanical': 1, 'ebike': 0}",5,14,0,1,1,1,1568795500,False,IN_SERVICE,329 - PASO Y LAVALLE,20,-34.6036,-58.4036,2019-09-18 05:32:04.755186-03:00
284,320,0,"{'mechanical': 0, 'ebike': 0}",0,20,0,1,1,1,1568795407,False,IN_SERVICE,364 - Carranza Y Gorriti,20,-34.584058,-58.440073,2019-09-18 05:32:04.755186-03:00
285,321,2,"{'mechanical': 2, 'ebike': 0}",0,14,0,1,1,1,1568795267,False,IN_SERVICE,246 - EDUARDO OLIVERA,16,-34.561851,-58.444754,2019-09-18 05:32:04.755186-03:00
286,322,0,"{'mechanical': 0, 'ebike': 0}",3,17,0,1,1,1,1568795302,False,IN_SERVICE,289 - MONTAÑESES,20,-34.5513269,-58.4541858,2019-09-18 05:32:04.755186-03:00
287,323,0,"{'mechanical': 0, 'ebike': 0}",2,22,0,1,1,1,1568795357,False,IN_SERVICE,240 - ECHEVERRIA,24,-34.565275,-58.459401,2019-09-18 05:32:04.755186-03:00
288,324,0,"{'mechanical': 0, 'ebike': 0}",2,14,0,1,1,1,1568777298,False,IN_SERVICE,280 - JURAMENTO,16,-34.578933,-58.4840556,2019-09-18 05:32:04.755186-03:00
289,325,2,"{'mechanical': 2, 'ebike': 0}",6,8,0,1,1,1,1568795453,False,IN_SERVICE,342 - SAENZ,16,-34.645252,-58.416547,2019-09-18 05:32:04.755186-03:00
290,326,4,"{'mechanical': 4, 'ebike': 0}",2,14,0,1,1,1,1568795288,False,IN_SERVICE,343 - POMAR,20,-34.6411734,-58.4202266,2019-09-18 05:32:04.755186-03:00
291,327,12,"{'mechanical': 12, 'ebike': 0}",0,4,3,1,1,1,1568795378,False,IN_SERVICE,341 - TILCARA,16,-34.654386,-58.419928,2019-09-18 05:32:04.755186-03:00
292,328,3,"{'mechanical': 3, 'ebike': 0}",1,12,0,1,1,1,1568795436,False,IN_SERVICE,43 - Plaza Houssay,16,-34.598549,-58.397354,2019-09-18 05:32:04.755186-03:00
293,329,0,"{'mechanical': 0, 'ebike': 0}",2,18,0,1,1,1,1568795279,False,IN_SERVICE,100 - Plaza Gurruchaga,20,-34.5931053,-58.4351681,2019-09-18 05:32:04.755186-03:00
294,330,1,"{'mechanical': 1, 'ebike': 0}",1,14,0,1,1,1,1568795371,False,IN_SERVICE,148 - Paternal,16,-34.6008267,-58.4699818,2019-09-18 05:32:04.755186-03:00
295,332,0,"{'mechanical': 0, 'ebike': 0}",5,11,0,1,1,1,1568795482,False,IN_SERVICE,202 - Nogoya Y Argerich,16,-34.602133,-58.490891,2019-09-18 05:32:04.755186-03:00
296,333,1,"{'mechanical': 1, 'ebike': 0}",3,16,0,1,1,1,1568795487,False,IN_SERVICE,203 - Beiro,20,-34.6004332,-58.5036238,2019-09-18 05:32:04.755186-03:00
297,335,2,"{'mechanical': 2, 'ebike': 0}",5,13,0,1,1,1,1568795425,False,IN_SERVICE,206 - Galicia,20,-34.615852,-58.470907,2019-09-18 05:32:04.755186-03:00
298,336,0,"{'mechanical': 0, 'ebike': 0}",6,22,0,1,1,1,1568795341,False,IN_SERVICE,207 - PLAZA ARENALES,28,-34.5999173,-58.5114159,2019-09-18 05:32:04.755186-03:00
299,337,5,"{'mechanical': 5, 'ebike': 0}",1,10,0,1,1,1,1568795500,False,IN_SERVICE,208 - Segui,16,-34.5985,-58.4613,2019-09-18 05:32:04.755186-03:00
300,338,3,"{'mechanical': 3, 'ebike': 0}",3,10,0,1,1,1,1568795145,False,IN_SERVICE,210 - Terrero,16,-34.602931,-58.479421,2019-09-18 05:32:04.755186-03:00
301,339,1,"{'mechanical': 1, 'ebike': 0}",2,13,0,1,1,1,1568795283,False,IN_SERVICE,211 - ARANGUREN Y SEGUI,16,-34.61938,-58.45471,2019-09-18 05:32:04.755186-03:00
302,340,5,"{'mechanical': 5, 'ebike': 0}",1,5,0,1,1,1,1568795470,False,IN_SERVICE,214 - Flores,12,-34.626242,-58.467329,2019-09-18 05:32:04.755186-03:00
303,341,3,"{'mechanical': 3, 'ebike': 0}",0,13,0,1,1,1,1568795346,False,IN_SERVICE,216 - Margariños Cervantes y Argerich,16,-34.6142336,-58.4813858,2019-09-18 05:32:04.755186-03:00
304,342,8,"{'mechanical': 8, 'ebike': 0}",4,8,1,1,1,1,1568795317,False,IN_SERVICE,218 - Campana,20,-34.616813,-58.484297,2019-09-18 05:32:04.755186-03:00
305,343,1,"{'mechanical': 1, 'ebike': 0}",4,15,0,1,1,1,1568795496,False,IN_SERVICE,219 - Parque Chacabuco II,20,-34.6357272,-58.4411639,2019-09-18 05:32:04.755186-03:00
306,345,0,"{'mechanical': 0, 'ebike': 0}",1,19,0,1,1,1,1568795436,False,IN_SERVICE,226 - Parque La Paternal,20,-34.5947762,-58.4750615,2019-09-18 05:32:04.755186-03:00
307,347,3,"{'mechanical': 3, 'ebike': 0}",0,17,0,1,1,1,1568795007,False,IN_SERVICE,230 - Parque Las Heras II,20,-34.5834356,-58.4065391,2019-09-18 05:32:04.755186-03:00
308,348,0,"{'mechanical': 0, 'ebike': 0}",5,11,0,1,1,1,1568795378,False,IN_SERVICE,231 - Margariños Cervantes,16,-34.610482,-58.474369,2019-09-18 05:32:04.755186-03:00
309,349,1,"{'mechanical': 1, 'ebike': 0}",3,16,0,1,1,1,1568795403,False,IN_SERVICE,232 - Sucre y Martinez,20,-34.570894,-58.466884,2019-09-18 05:32:04.755186-03:00
310,350,1,"{'mechanical': 1, 'ebike': 0}",4,15,0,1,1,1,1568795382,False,IN_SERVICE,234 - Valdenegro,20,-34.567996,-58.4851455,2019-09-18 05:32:04.755186-03:00
311,351,0,"{'mechanical': 0, 'ebike': 0}",2,14,0,1,1,1,1568795453,False,IN_SERVICE,235 - Colegiales,16,-34.5717033,-58.4520772,2019-09-18 05:32:04.755186-03:00
312,352,1,"{'mechanical': 1, 'ebike': 0}",4,23,0,1,1,1,1568795167,False,IN_SERVICE,236 - Guemes,28,-34.5807104,-58.4248291,2019-09-18 05:32:04.755186-03:00
313,353,0,"{'mechanical': 0, 'ebike': 0}",0,20,0,1,1,1,1568795476,False,IN_SERVICE,237 - Madero Office,20,-34.5986779,-58.3647259,2019-09-18 05:32:04.755186-03:00
314,354,3,"{'mechanical': 3, 'ebike': 0}",1,16,0,1,1,1,1568795394,False,IN_SERVICE,241 - Sanatorio Mendez,20,-34.613457,-58.4401581,2019-09-18 05:32:04.755186-03:00
315,355,2,"{'mechanical': 2, 'ebike': 0}",0,14,0,1,1,1,1568795317,False,IN_SERVICE,242 - Plazoleta Rafael del Riego,16,-34.5675048,-58.4465088,2019-09-18 05:32:04.755186-03:00
316,356,1,"{'mechanical': 1, 'ebike': 0}",0,15,0,1,1,1,1568795197,False,IN_SERVICE,245 - Arribeños,16,-34.547695,-58.4584684,2019-09-18 05:32:04.755186-03:00
317,358,0,"{'mechanical': 0, 'ebike': 0}",2,10,0,1,1,1,1568795298,False,IN_SERVICE,249 - Balbín,12,-34.5615465,-58.4655255,2019-09-18 05:32:04.755186-03:00
318,359,0,"{'mechanical': 0, 'ebike': 0}",0,20,0,1,1,1,1568795505,False,IN_SERVICE,250 - Fleni,20,-34.555654,-58.4504687,2019-09-18 05:32:04.755186-03:00
319,361,0,"{'mechanical': 0, 'ebike': 0}",4,16,0,1,1,1,1568795284,False,IN_SERVICE,258 - Plaza J.J. Paso,20,-34.569147,-58.453732,2019-09-18 05:32:04.755186-03:00
320,362,0,"{'mechanical': 0, 'ebike': 0}",9,7,0,1,1,1,1568795434,False,IN_SERVICE,262 - Holmberg,16,-34.566746,-58.479108,2019-09-18 05:32:04.755186-03:00
321,363,8,"{'mechanical': 8, 'ebike': 0}",1,19,0,1,1,1,1568795509,False,IN_SERVICE,354 - Plaza Tupac Amaru,28,-34.642052,-58.46205,2019-09-18 05:32:04.755186-03:00
322,364,0,"{'mechanical': 0, 'ebike': 0}",1,23,0,1,1,1,1568795332,False,IN_SERVICE,381 - Matienzo Y Arce,24,-34.568722,-58.434381,2019-09-18 05:32:04.755186-03:00
323,366,0,"{'mechanical': 0, 'ebike': 0}",3,17,0,1,1,1,1568795377,False,IN_SERVICE,360 - Plaza Ramon Falcon,20,-34.635402,-58.482602,2019-09-18 05:32:04.755186-03:00
324,367,7,"{'mechanical': 7, 'ebike': 0}",3,6,0,1,1,1,1568795427,False,IN_SERVICE,287 - Belaustegui,16,-34.6163487,-58.4772418,2019-09-18 05:32:04.755186-03:00
325,368,0,"{'mechanical': 0, 'ebike': 0}",0,1,0,1,1,1,1568749739,False,IN_SERVICE,351 - Plaza De Los Periodistas,1,-34.621153,-58.47375,2019-09-18 05:32:04.755186-03:00
326,369,12,"{'mechanical': 12, 'ebike': 0}",5,3,0,1,1,1,1568795495,False,IN_SERVICE,304 - Navarro,20,-34.592244,-58.491797,2019-09-18 05:32:04.755186-03:00
327,370,4,"{'mechanical': 4, 'ebike': 0}",9,7,0,1,1,1,1568795438,False,IN_SERVICE,305 - Plaza Martin Rodriguez,20,-34.590964,-58.500336,2019-09-18 05:32:04.755186-03:00
328,371,1,"{'mechanical': 1, 'ebike': 0}",1,14,0,1,1,1,1568795478,False,IN_SERVICE,269 - Plaza De La Misericordia,16,-34.63281,-58.455058,2019-09-18 05:32:04.755186-03:00
329,372,4,"{'mechanical': 4, 'ebike': 0}",0,8,0,1,1,1,1568795433,False,IN_SERVICE,322 - MARTÍ Y DIRECTORIO,12,-34.636406,-58.470136,2019-09-18 05:32:04.755186-03:00
330,373,16,"{'mechanical': 16, 'ebike': 0}",0,0,0,1,1,1,1568795484,False,IN_SERVICE,265 - Plaza Exodo Jujeño,16,-34.5824889,-58.4810286,2019-09-18 05:32:04.755186-03:00
331,374,8,"{'mechanical': 8, 'ebike': 0}",8,0,0,1,1,1,1568795314,False,IN_SERVICE,367 - Mariano Castex,16,-34.645764,-58.4573968,2019-09-18 05:32:04.755186-03:00
332,375,0,"{'mechanical': 0, 'ebike': 0}",0,16,0,1,1,1,1568795459,False,IN_SERVICE,301 - Arregui Y Terrada,16,-34.6050537,-58.4847864,2019-09-18 05:32:04.755186-03:00
333,376,6,"{'mechanical': 6, 'ebike': 0}",8,6,0,1,1,1,1568795485,False,IN_SERVICE,324 - Las Victorias,20,-34.626698,-58.4871352,2019-09-18 05:32:04.755186-03:00
334,377,0,"{'mechanical': 0, 'ebike': 0}",1,15,1,1,1,1,1568795470,False,IN_SERVICE,327 - ACUÑA DE FIGUEROA Y POTOSI,16,-34.607333,-58.422987,2019-09-18 05:32:04.755186-03:00
335,378,1,"{'mechanical': 1, 'ebike': 0}",7,12,0,1,1,1,1568795324,False,IN_SERVICE,215 - HOSPITAL ALVAREZ,20,-34.623123,-58.468287,2019-09-18 05:32:04.755186-03:00
336,379,0,"{'mechanical': 0, 'ebike': 0}",3,17,0,1,1,1,1568795428,False,IN_SERVICE,390 - De Los Ombues,20,-34.560162,-58.428163,2019-09-18 05:32:04.755186-03:00
337,380,7,"{'mechanical': 7, 'ebike': 0}",3,10,2,1,1,1,1568795390,False,IN_SERVICE,319 - Cervantes y Trelles,20,-34.6060382,-58.46481,2019-09-18 05:32:04.755186-03:00
338,381,1,"{'mechanical': 1, 'ebike': 0}",0,15,0,1,1,1,1568795285,False,IN_SERVICE,274 - Plaza Nuestra Señora de la Asuncion,16,-34.6153,-58.4665179,2019-09-18 05:32:04.755186-03:00
339,382,0,"{'mechanical': 0, 'ebike': 0}",5,11,0,1,1,1,1568795280,False,IN_SERVICE,204 - Biarritz,16,-34.605452,-58.477426,2019-09-18 05:32:04.755186-03:00
340,383,0,"{'mechanical': 0, 'ebike': 0}",5,15,0,1,1,1,1568795278,False,IN_SERVICE,263 - Plaza Echeverria,20,-34.571621,-58.489026,2019-09-18 05:32:04.755186-03:00
341,384,14,"{'mechanical': 14, 'ebike': 0}",0,2,0,1,1,1,1568795360,False,IN_SERVICE,267 - Plaza 25 De Agosto,16,-34.579734,-58.4618523,2019-09-18 05:32:04.755186-03:00
342,385,3,"{'mechanical': 3, 'ebike': 0}",3,10,0,1,1,1,1568795435,False,IN_SERVICE,268 - Plaza Aristóbulo Del Valle,16,-34.6061187,-58.4934192,2019-09-18 05:32:04.755186-03:00
343,386,1,"{'mechanical': 1, 'ebike': 0}",3,4,0,1,1,1,1568795272,False,IN_SERVICE,277 - Coghlan,8,-34.5656428,-58.475512,2019-09-18 05:32:04.755186-03:00
344,387,0,"{'mechanical': 0, 'ebike': 0}",1,15,0,1,1,1,1568795459,False,IN_SERVICE,278 - Donato Alvarez,16,-34.6019716,-58.4655301,2019-09-18 05:32:04.755186-03:00
345,388,1,"{'mechanical': 1, 'ebike': 0}",2,17,0,1,1,1,1568795292,False,IN_SERVICE,279 - Andonaegui,20,-34.580927,-58.48455,2019-09-18 05:32:04.755186-03:00
346,389,3,"{'mechanical': 3, 'ebike': 0}",2,15,0,1,1,1,1568795271,False,IN_SERVICE,286 - OEA,20,-34.62795,-58.44024,2019-09-18 05:32:04.755186-03:00
347,390,0,"{'mechanical': 0, 'ebike': 0}",1,19,0,1,1,1,1568795384,False,IN_SERVICE,288- 11 de septiembre,20,-34.547758,-58.459881,2019-09-18 05:32:04.755186-03:00
348,391,1,"{'mechanical': 1, 'ebike': 0}",0,19,0,1,1,1,1568795293,False,IN_SERVICE,295 - Larralde,20,-34.5508944,-58.4719176,2019-09-18 05:32:04.755186-03:00
349,392,6,"{'mechanical': 6, 'ebike': 0}",5,5,0,1,1,1,1568795303,False,IN_SERVICE,297 - TRONADOR Y GARCÍA DEL RÍO,16,-34.554754,-58.485419,2019-09-18 05:32:04.755186-03:00
350,393,2,"{'mechanical': 2, 'ebike': 0}",0,10,0,1,1,1,1568795446,False,IN_SERVICE,300 - Jose Artigas,12,-34.590848,-58.468535,2019-09-18 05:32:04.755186-03:00
351,394,14,"{'mechanical': 14, 'ebike': 0}",6,0,2,1,1,1,1568795347,False,IN_SERVICE,302 - Plaza Jose Marti,20,-34.649578,-58.462646,2019-09-18 05:32:04.755186-03:00
352,395,3,"{'mechanical': 3, 'ebike': 0}",0,13,0,1,1,1,1568795446,False,IN_SERVICE,303 - Huaura,16,-34.5968038,-58.4535687,2019-09-18 05:32:04.755186-03:00
353,396,14,"{'mechanical': 14, 'ebike': 0}",1,5,0,1,1,1,1568795452,False,IN_SERVICE,306 - Tres Arroyos Y Olaya,20,-34.601852,-58.448011,2019-09-18 05:32:04.755186-03:00
354,397,3,"{'mechanical': 3, 'ebike': 0}",0,9,0,1,1,1,1568795267,False,IN_SERVICE,308 - Artigas Y Melincue,12,-34.5979984,-58.4856262,2019-09-18 05:32:04.755186-03:00
355,398,0,"{'mechanical': 0, 'ebike': 0}",2,14,0,1,1,1,1568795380,False,IN_SERVICE,310 - Gregoria Perez,16,-34.5761817,-58.4546508,2019-09-18 05:32:04.755186-03:00
356,399,0,"{'mechanical': 0, 'ebike': 0}",8,12,0,1,1,1,1568795448,False,IN_SERVICE,312 - Parque Chacabuco  I,20,-34.6340414,-58.446273,2019-09-18 05:32:04.755186-03:00
357,400,3,"{'mechanical': 3, 'ebike': 0}",1,12,0,1,1,1,1568795458,False,IN_SERVICE,313 - De Los Incas,16,-34.579751,-58.471003,2019-09-18 05:32:04.755186-03:00
358,401,1,"{'mechanical': 1, 'ebike': 0}",2,17,1,1,1,1,1568795285,False,IN_SERVICE,314 - Ramón Falcon,20,-34.6347618,-58.4795922,2019-09-18 05:32:04.755186-03:00
359,402,1,"{'mechanical': 1, 'ebike': 0}",1,14,0,1,1,1,1568795362,False,IN_SERVICE,315 - BEIRO Y SAN MARTÍN,16,-34.5976121,-58.4985424,2019-09-18 05:32:04.755186-03:00
360,404,0,"{'mechanical': 0, 'ebike': 0}",1,19,0,1,1,1,1568795504,False,IN_SERVICE,317 - Cero Más Infinito,20,-34.543949,-58.4408983,2019-09-18 05:32:04.755186-03:00
361,405,4,"{'mechanical': 4, 'ebike': 0}",0,16,0,1,1,1,1568795376,False,IN_SERVICE,318 - Plaza Y Carbajal,20,-34.5767497,-58.4689771,2019-09-18 05:32:04.755186-03:00
362,406,0,"{'mechanical': 0, 'ebike': 0}",0,16,0,1,1,1,1568795345,False,IN_SERVICE,326 - Emma De La Barra,16,-34.6009283,-58.3642613,2019-09-18 05:32:04.755186-03:00
363,407,6,"{'mechanical': 6, 'ebike': 0}",6,16,9,1,1,1,1568795317,False,IN_SERVICE,330 - Parque Avellaneda,28,-34.6413273,-58.4799504,2019-09-18 05:32:04.755186-03:00
364,408,15,"{'mechanical': 15, 'ebike': 0}",1,4,0,1,1,1,1568795363,False,IN_SERVICE,337 - UTN,20,-34.6600076,-58.4683699,2019-09-18 05:32:04.755186-03:00
365,409,12,"{'mechanical': 12, 'ebike': 0}",0,12,1,1,1,1,1568795337,False,IN_SERVICE,339 - AMANCIO ALCORTA,24,-34.654801,-58.412878,2019-09-18 05:32:04.755186-03:00
366,411,0,"{'mechanical': 0, 'ebike': 0}",5,7,0,1,1,1,1568795479,False,IN_SERVICE,368 - Ensenada,12,-34.6385808,-58.4769856,2019-09-18 05:32:04.755186-03:00
367,412,14,"{'mechanical': 14, 'ebike': 0}",1,1,1,1,1,1,1568795298,False,IN_SERVICE,372 - Villa Soldati,16,-34.6626285,-58.4411434,2019-09-18 05:32:04.755186-03:00
368,413,11,"{'mechanical': 11, 'ebike': 0}",4,1,0,1,1,1,1568795288,False,IN_SERVICE,382 - CMD,16,-34.6545736,-58.379346,2019-09-18 05:32:04.755186-03:00
369,414,0,"{'mechanical': 0, 'ebike': 0}",5,15,0,1,1,1,1568795445,False,IN_SERVICE,385 - Franklin,20,-34.607731,-58.4383041,2019-09-18 05:32:04.755186-03:00
370,415,15,"{'mechanical': 15, 'ebike': 0}",3,2,0,1,1,1,1568795510,False,IN_SERVICE,386 - Gavilan Y Vallese,20,-34.6203961,-58.4637146,2019-09-18 05:32:04.755186-03:00
371,416,1,"{'mechanical': 1, 'ebike': 0}",9,18,0,1,1,1,1568795253,False,IN_SERVICE,257 - Plaza Francisco Ramirez,28,-34.5532664,-58.469072,2019-09-18 05:32:04.755186-03:00
372,417,0,"{'mechanical': 0, 'ebike': 0}",1,19,0,1,1,1,1568795270,False,IN_SERVICE,328 - Centro Cultural San Martin,20,-34.6053524,-58.3880338,2019-09-18 05:32:04.755186-03:00
373,418,0,"{'mechanical': 0, 'ebike': 0}",0,20,0,1,1,1,1568795335,False,IN_SERVICE,345 - Plaza Mafalda,20,-34.580773,-58.4446136,2019-09-18 05:32:04.755186-03:00
374,419,4,"{'mechanical': 4, 'ebike': 0}",3,21,1,1,1,1,1568795315,False,IN_SERVICE,359 - Plaza Balcarce,28,-34.547673,-58.467851,2019-09-18 05:32:04.755186-03:00
375,420,0,"{'mechanical': 0, 'ebike': 0}",2,18,0,1,1,1,1568795449,False,IN_SERVICE,375 - Ciudad Universitaria I,20,-34.5440696,-58.4390434,2019-09-18 05:32:04.755186-03:00
376,421,0,"{'mechanical': 0, 'ebike': 0}",0,12,0,1,1,1,1568795139,False,IN_SERVICE,376 - Ciudad Universitaria II,12,-34.5419013,-58.4438699,2019-09-18 05:32:04.755186-03:00
377,422,0,"{'mechanical': 0, 'ebike': 0}",6,22,0,1,1,1,1568795401,False,IN_SERVICE,377 - Ciudad Universitaria III,28,-34.5409892,-58.4442786,2019-09-18 05:32:04.755186-03:00
378,424,3,"{'mechanical': 3, 'ebike': 0}",3,10,0,1,1,1,1568795311,False,IN_SERVICE,387 - Luna,16,-34.638584,-58.399683,2019-09-18 05:32:04.755186-03:00
379,425,1,"{'mechanical': 1, 'ebike': 0}",4,11,0,1,1,1,1568795301,False,IN_SERVICE,394 - Av. La Plata,16,-34.6440763,-58.422091,2019-09-18 05:32:04.755186-03:00
380,426,1,"{'mechanical': 1, 'ebike': 0}",6,13,0,1,1,1,1568795240,False,IN_SERVICE,396 - PLAZA ALBERTI,20,-34.555582,-58.457962,2019-09-18 05:32:04.755186-03:00
381,427,7,"{'mechanical': 7, 'ebike': 0}",8,9,0,1,1,1,1568795303,False,IN_SERVICE,397 - PLAZA MATHEU,24,-34.64072,-58.367461,2019-09-18 05:32:04.755186-03:00
382,428,4,"{'mechanical': 4, 'ebike': 0}",0,16,0,1,1,1,1568795460,False,IN_SERVICE,225 - HOSPITAL TORNU,20,-34.587458,-58.4739506,2019-09-18 05:32:04.755186-03:00
383,429,16,"{'mechanical': 16, 'ebike': 0}",3,1,0,1,1,1,1568795409,False,IN_SERVICE,201 - PEPIRI,20,-34.6522282,-58.4078361,2019-09-18 05:32:04.755186-03:00
384,430,7,"{'mechanical': 7, 'ebike': 0}",4,1,0,1,1,1,1568795281,False,IN_SERVICE,037 - Claudia Pia Braudacco,12,-34.607981,-58.3778856,2019-09-18 05:32:04.755186-03:00
385,431,1,"{'mechanical': 1, 'ebike': 0}",1,18,0,1,1,1,1568794454,False,IN_SERVICE,362 - PARQUE DE LA MEMORIA,20,-34.5430055,-58.4361167,2019-09-18 05:32:04.755186-03:00
386,432,1,"{'mechanical': 1, 'ebike': 0}",0,19,0,1,1,1,1568795454,False,IN_SERVICE,187 - Jose Maria Moreno,20,-34.620249,-58.435877,2019-09-18 05:32:04.755186-03:00
387,433,5,"{'mechanical': 5, 'ebike': 0}",7,8,0,1,1,1,1568795481,False,IN_SERVICE,273 - Plazoleta Colombia,20,-34.637491,-58.373638,2019-09-18 05:32:04.755186-03:00
388,434,2,"{'mechanical': 2, 'ebike': 0}",1,9,0,1,1,1,1568795284,False,IN_SERVICE,247 - Plaza Lucio Demare,12,-34.5457258,-58.4650865,2019-09-18 05:32:04.755186-03:00
389,435,0,"{'mechanical': 0, 'ebike': 0}",2,14,0,1,1,1,1568795416,False,IN_SERVICE,227 -Club Ciudad de Buenos Aires,16,-34.5445971,-58.4595541,2019-09-18 05:32:04.755186-03:00
390,436,1,"{'mechanical': 1, 'ebike': 0}",0,27,0,1,1,1,1568795430,False,IN_SERVICE,253 - Plaza Colegiales,28,-34.5782972,-58.4450299,2019-09-18 05:32:04.755186-03:00
391,441,1,"{'mechanical': 1, 'ebike': 0}",3,16,1,1,1,1,1568795383,False,IN_SERVICE,016 - Legislatura,20,-34.61001199,-58.3749195,2019-09-18 05:32:04.755186-03:00
392,442,1,"{'mechanical': 1, 'ebike': 0}",1,14,0,1,1,1,1568795315,False,IN_SERVICE,048 - Perón,16,-34.6056194,-58.371607,2019-09-18 05:32:04.755186-03:00
393,443,5,"{'mechanical': 5, 'ebike': 0}",1,12,0,1,1,1,1568795409,False,IN_SERVICE,081 -Balcarce,18,-34.6157533,-58.3706184,2019-09-18 05:32:04.755186-03:00
394,444,0,"{'mechanical': 0, 'ebike': 0}",1,23,0,1,1,1,1568795479,False,IN_SERVICE,061-Ministerio de Economia,24,-34.608678,-58.3710082,2019-09-18 05:32:04.755186-03:00
395,448,6,"{'mechanical': 6, 'ebike': 0}",2,7,2,1,1,1,1568795482,False,IN_SERVICE,393 - Barrio 31,16,-34.582618,-58.3787309,2019-09-18 05:32:04.755186-03:00
396,449,6,"{'mechanical': 6, 'ebike': 0}",1,17,1,1,1,1,1568795385,False,IN_SERVICE,352 - San Jose de Flores,24,-34.6289374,-58.4636606,2019-09-18 05:32:04.755186-03:00
397,450,198,"{'mechanical': 99, 'ebike': 99}",0,99,0,1,1,1,1567199965,False,IN_SERVICE,teste ecobici - 450,1,-23.5563617,-46.6625619,2019-09-18 05:32:04.755186-03:00
398,451,198,"{'mechanical': 99, 'ebike': 99}",0,99,0,1,1,1,1568241592,False,IN_SERVICE,teste ecobici - 451,1,45.5568536,-73.4941693,2019-09-18 05:32:04.755186-03:00
