,is_charging_station,is_installed,is_renting,is_returning,last_reported,num_bikes_available,num_bikes_available_types,num_bikes_disabled,num_docks_available,num_docks_disabled,station_id,status,name,capacity,lat,lon,timestamp_consulta
0,False,1,1,1,1563584312,0,"{'mechanical': 0, 'ebike': 0}",0,20,0,2,IN_SERVICE,002 - Retiro I,20,-34.5924233,-58.3747151,2019-07-19 22:02:54.551666-03:00
1,False,1,1,1,1563584555,0,"{'mechanical': 0, 'ebike': 0}",0,20,0,3,IN_SERVICE,003 - ADUANA,20,-34.611032,-58.3682604,2019-07-19 22:02:54.551666-03:00
2,False,1,1,1,1563584374,3,"{'mechanical': 3, 'ebike': 0}",0,17,0,4,IN_SERVICE,004 - Plaza Roma,20,-34.6017255,-58.3687628,2019-07-19 22:02:54.551666-03:00
3,False,1,1,1,1563584330,1,"{'mechanical': 1, 'ebike': 0}",4,37,1,5,IN_SERVICE,005 - Plaza Italia,42,-34.5805497,-58.4209542,2019-07-19 22:02:54.551666-03:00
4,False,1,1,1,1563584471,0,"{'mechanical': 0, 'ebike': 0}",2,18,0,6,IN_SERVICE,006 - Parque Lezama,20,-34.628526,-58.369758,2019-07-19 22:02:54.551666-03:00
5,False,1,1,1,1563584425,0,"{'mechanical': 0, 'ebike': 0}",0,16,0,7,IN_SERVICE,007 - OBELISCO,16,-34.606498,-58.381098,2019-07-19 22:02:54.551666-03:00
6,False,1,1,1,1563584406,1,"{'mechanical': 1, 'ebike': 0}",2,21,1,8,IN_SERVICE,008 - Congreso,24,-34.6094218,-58.3893364,2019-07-19 22:02:54.551666-03:00
7,False,1,1,1,1563584455,0,"{'mechanical': 0, 'ebike': 0}",3,21,0,9,IN_SERVICE,009 - Parque Las Heras,24,-34.585443,-58.407741,2019-07-19 22:02:54.551666-03:00
8,False,1,1,1,1563584449,0,"{'mechanical': 0, 'ebike': 0}",4,16,0,11,IN_SERVICE,011 - Tribunales,20,-34.6011762,-58.3850791,2019-07-19 22:02:54.551666-03:00
9,False,1,1,1,1563584512,0,"{'mechanical': 0, 'ebike': 0}",3,12,0,12,IN_SERVICE,012 - Plaza Vicente Lopez,16,-34.5927096,-58.388807,2019-07-19 22:02:54.551666-03:00
10,False,1,1,1,1563584447,0,"{'mechanical': 0, 'ebike': 0}",0,30,0,13,IN_SERVICE,013 - ONCE,30,-34.61009,-58.406,2019-07-19 22:02:54.551666-03:00
11,False,1,1,1,1563584345,0,"{'mechanical': 0, 'ebike': 0}",8,22,0,14,IN_SERVICE,014 - Pacifico,30,-34.577424,-58.426387,2019-07-19 22:02:54.551666-03:00
12,False,1,1,1,1563584377,0,"{'mechanical': 0, 'ebike': 0}",2,18,0,15,IN_SERVICE,015 - JUANA MANSO II,20,-34.6004,-58.3636706,2019-07-19 22:02:54.551666-03:00
13,False,1,1,1,1563584463,3,"{'mechanical': 3, 'ebike': 0}",1,16,1,17,IN_SERVICE,017 - Plaza Almagro,20,-34.6064101,-58.4187306,2019-07-19 22:02:54.551666-03:00
14,False,1,1,1,1563584493,0,"{'mechanical': 0, 'ebike': 0}",2,22,0,19,IN_SERVICE,019 - PLAZA SAN MARTIN,24,-34.5956027,-58.3776353,2019-07-19 22:02:54.551666-03:00
15,False,1,1,1,1563584505,4,"{'mechanical': 4, 'ebike': 0}",3,13,0,20,IN_SERVICE,020 - Distrito Audiovisual,20,-34.5798619,-58.4417756,2019-07-19 22:02:54.551666-03:00
16,False,1,1,1,1563584534,0,"{'mechanical': 0, 'ebike': 0}",4,20,0,21,IN_SERVICE,021 - Parque Patricios,24,-34.6396832,-58.4062115,2019-07-19 22:02:54.551666-03:00
17,False,1,1,1,1563584323,0,"{'mechanical': 0, 'ebike': 0}",2,18,0,22,IN_SERVICE,022 - Arenales,20,-34.5938629,-58.3825498,2019-07-19 22:02:54.551666-03:00
18,False,1,1,1,1563584410,0,"{'mechanical': 0, 'ebike': 0}",0,12,0,23,IN_SERVICE,023 - Suipacha,12,-34.6003095,-58.3793463,2019-07-19 22:02:54.551666-03:00
19,False,1,1,1,1563584397,1,"{'mechanical': 1, 'ebike': 0}",4,13,0,24,IN_SERVICE,024 - ALSINA,18,-34.610583,-58.3808943,2019-07-19 22:02:54.551666-03:00
20,False,1,1,1,1563584438,1,"{'mechanical': 1, 'ebike': 0}",0,23,0,25,IN_SERVICE,025 - Plaza Guemes,24,-34.5894269,-58.4161178,2019-07-19 22:02:54.551666-03:00
21,False,1,1,1,1563584520,0,"{'mechanical': 0, 'ebike': 0}",2,22,0,26,IN_SERVICE,026 - JUANA MANSO I,24,-34.6004606,-58.3636593,2019-07-19 22:02:54.551666-03:00
22,False,1,1,1,1563584427,0,"{'mechanical': 0, 'ebike': 0}",2,14,0,27,IN_SERVICE,027 - Montevideo,16,-34.599068,-58.3900887,2019-07-19 22:02:54.551666-03:00
23,False,1,1,1,1563584495,0,"{'mechanical': 0, 'ebike': 0}",2,18,0,28,IN_SERVICE,028 - Plaza Boedo,20,-34.6231273,-58.4127377,2019-07-19 22:02:54.551666-03:00
24,False,1,1,1,1563584297,0,"{'mechanical': 0, 'ebike': 0}",1,29,0,29,IN_SERVICE,029 - Parque Centenario,30,-34.6079414,-58.4335573,2019-07-19 22:02:54.551666-03:00
25,False,1,1,1,1563584378,0,"{'mechanical': 0, 'ebike': 0}",5,15,0,30,IN_SERVICE,030 - Peña,20,-34.5908211,-58.3973698,2019-07-19 22:02:54.551666-03:00
26,False,1,1,1,1563584524,4,"{'mechanical': 4, 'ebike': 0}",9,7,0,31,IN_SERVICE,031 - Padilla,20,-34.6032081,-58.4396457,2019-07-19 22:02:54.551666-03:00
27,False,1,1,1,1563584425,0,"{'mechanical': 0, 'ebike': 0}",1,15,0,32,IN_SERVICE,032 - Catedral,16,-34.6072074,-58.3735984,2019-07-19 22:02:54.551666-03:00
28,False,1,1,1,1563584334,1,"{'mechanical': 1, 'ebike': 0}",5,14,0,33,IN_SERVICE,033 - Facultad de Medicina,20,-34.5970909,-58.3989807,2019-07-19 22:02:54.551666-03:00
29,False,1,1,1,1563584519,1,"{'mechanical': 1, 'ebike': 0}",3,26,0,35,IN_SERVICE,035 - INGENIERO BUTTY,30,-34.5964246,-58.371847,2019-07-19 22:02:54.551666-03:00
30,False,1,1,1,1563584330,0,"{'mechanical': 0, 'ebike': 0}",0,16,0,36,IN_SERVICE,036 - MAIPÚ,16,-34.6045481,-58.3767677,2019-07-19 22:02:54.551666-03:00
31,False,1,1,1,1563584483,0,"{'mechanical': 0, 'ebike': 0}",4,16,0,38,IN_SERVICE,038 - Plaza Libertad,20,-34.5970497,-58.3828403,2019-07-19 22:02:54.551666-03:00
32,False,1,1,1,1563584413,1,"{'mechanical': 1, 'ebike': 0}",0,19,1,39,IN_SERVICE,039 - CONGRESO II,20,-34.6092213,-58.3876925,2019-07-19 22:02:54.551666-03:00
33,False,1,1,1,1563584520,0,"{'mechanical': 0, 'ebike': 0}",1,15,0,40,IN_SERVICE,040 - Sarmiento,16,-34.604461,-58.373499,2019-07-19 22:02:54.551666-03:00
34,False,1,1,1,1563576807,0,"{'mechanical': 0, 'ebike': 0}",3,17,0,41,IN_SERVICE,041 - URQUIZA,20,-34.6364511,-58.4076348,2019-07-19 22:02:54.551666-03:00
35,False,1,1,1,1563584540,0,"{'mechanical': 0, 'ebike': 0}",2,22,0,42,IN_SERVICE,042 - Diagonal Norte,24,-34.604447,-58.38003248,2019-07-19 22:02:54.551666-03:00
36,False,1,1,1,1563584544,0,"{'mechanical': 0, 'ebike': 0}",2,14,0,43,IN_SERVICE,334 - CENTRO DE EXPOSICIONES,16,-34.583918,-58.3900194,2019-07-19 22:02:54.551666-03:00
37,False,1,1,1,1563584318,0,"{'mechanical': 0, 'ebike': 0}",2,18,0,44,IN_SERVICE,044 - Ecoparque,20,-34.5755148,-58.4138829,2019-07-19 22:02:54.551666-03:00
38,False,1,1,1,1563584351,0,"{'mechanical': 0, 'ebike': 0}",2,18,0,45,IN_SERVICE,045 - Uruguay,20,-34.6018635,-58.3866934,2019-07-19 22:02:54.551666-03:00
39,False,1,1,1,1563584310,3,"{'mechanical': 3, 'ebike': 0}",2,12,1,46,IN_SERVICE,046 - Chile,18,-34.6163012,-58.3743749,2019-07-19 22:02:54.551666-03:00
40,False,1,1,1,1563584310,0,"{'mechanical': 0, 'ebike': 0}",5,11,0,47,IN_SERVICE,047 - Colegio Nacional de Buenos Aires,16,-34.6117408,-58.3733149,2019-07-19 22:02:54.551666-03:00
41,False,1,1,1,1563584449,2,"{'mechanical': 2, 'ebike': 0}",7,7,0,48,IN_SERVICE,034 - Colonia Express,16,-34.623937,-58.362004,2019-07-19 22:02:54.551666-03:00
42,False,1,1,1,1563584391,1,"{'mechanical': 1, 'ebike': 0}",3,16,1,49,IN_SERVICE,049 - 33 Orientales,20,-34.6290527,-58.422611,2019-07-19 22:02:54.551666-03:00
43,False,1,1,1,1563584428,1,"{'mechanical': 1, 'ebike': 0}",0,19,0,50,IN_SERVICE,050 - Hospital Rivadavia,20,-34.5837348,-58.4010798,2019-07-19 22:02:54.551666-03:00
44,False,1,1,1,1563584451,0,"{'mechanical': 0, 'ebike': 0}",0,12,0,51,IN_SERVICE,051 - TUCUMAN,12,-34.6014776,-58.3821261,2019-07-19 22:02:54.551666-03:00
45,False,1,1,1,1563584398,0,"{'mechanical': 0, 'ebike': 0}",1,19,0,52,IN_SERVICE,052 - SANCHEZ DE BUSTAMANTE,20,-34.606682,-58.414851,2019-07-19 22:02:54.551666-03:00
46,False,1,1,1,1563584339,1,"{'mechanical': 1, 'ebike': 0}",4,15,0,53,IN_SERVICE,053 - Ricardo Rojas,20,-34.5952579,-58.3743514,2019-07-19 22:02:54.551666-03:00
47,False,1,1,1,1563584481,0,"{'mechanical': 0, 'ebike': 0}",2,18,0,54,IN_SERVICE,054 - Acuña de Figueroa,20,-34.5981183,-58.4219844,2019-07-19 22:02:54.551666-03:00
48,False,1,1,1,1563584482,2,"{'mechanical': 2, 'ebike': 0}",3,15,1,55,IN_SERVICE,055 - Bouchard,20,-34.5994122,-58.36966404,2019-07-19 22:02:54.551666-03:00
49,False,1,1,1,1563584407,2,"{'mechanical': 2, 'ebike': 0}",1,13,0,56,IN_SERVICE,056 - Plaza Palermo Viejo,16,-34.588567,-58.425999,2019-07-19 22:02:54.551666-03:00
50,False,1,1,1,1563584362,0,"{'mechanical': 0, 'ebike': 0}",3,13,0,57,IN_SERVICE,057 - BELGRANO,16,-34.6134468,-58.3706051,2019-07-19 22:02:54.551666-03:00
51,False,1,1,1,1563584469,0,"{'mechanical': 0, 'ebike': 0}",1,19,0,58,IN_SERVICE,058 - Ministro Carranza,20,-34.5752773,-58.4346883,2019-07-19 22:02:54.551666-03:00
52,False,1,1,1,1563584299,0,"{'mechanical': 0, 'ebike': 0}",2,18,0,59,IN_SERVICE,018 - Independencia,20,-34.617771,-58.3804546,2019-07-19 22:02:54.551666-03:00
53,False,1,1,1,1563584340,3,"{'mechanical': 3, 'ebike': 0}",3,14,2,60,IN_SERVICE,060 - 25 De Mayo,20,-34.6016509,-58.371079,2019-07-19 22:02:54.551666-03:00
54,False,1,1,1,1563584351,0,"{'mechanical': 0, 'ebike': 0}",4,16,0,62,IN_SERVICE,062 - Córdoba,20,-34.5985102,-58.3768501,2019-07-19 22:02:54.551666-03:00
55,False,1,1,1,1563584390,0,"{'mechanical': 0, 'ebike': 0}",1,19,0,63,IN_SERVICE,063 - Reconquista,20,-34.5987657,-58.3728605,2019-07-19 22:02:54.551666-03:00
56,False,1,1,1,1563584454,2,"{'mechanical': 2, 'ebike': 0}",1,17,1,64,IN_SERVICE,064 - RIOBAMBA,20,-34.5936508,-58.3941087,2019-07-19 22:02:54.551666-03:00
57,False,1,1,1,1563584363,2,"{'mechanical': 2, 'ebike': 0}",3,15,1,65,IN_SERVICE,065 - Julián Álvarez,20,-34.5873124,-58.4157873,2019-07-19 22:02:54.551666-03:00
58,False,1,1,1,1563584471,2,"{'mechanical': 2, 'ebike': 0}",2,16,0,66,IN_SERVICE,066 - Billinghurst,20,-34.5945475,-58.4138713,2019-07-19 22:02:54.551666-03:00
59,False,1,1,1,1563584540,0,"{'mechanical': 0, 'ebike': 0}",4,16,0,68,IN_SERVICE,068 - Rivarola,20,-34.6065099,-58.385434,2019-07-19 22:02:54.551666-03:00
60,False,1,1,1,1563584560,0,"{'mechanical': 0, 'ebike': 0}",3,13,0,69,IN_SERVICE,069 - Ecuador,16,-34.5961006,-58.4046092,2019-07-19 22:02:54.551666-03:00
61,False,1,1,1,1563584496,3,"{'mechanical': 3, 'ebike': 0}",2,15,1,70,IN_SERVICE,070 - ARAOZ,20,-34.5926862,-58.4260597,2019-07-19 22:02:54.551666-03:00
62,False,1,1,1,1563584388,0,"{'mechanical': 0, 'ebike': 0}",2,28,0,71,IN_SERVICE,071 - CERRITO,30,-34.6026673,-58.3833559,2019-07-19 22:02:54.551666-03:00
63,False,1,1,1,1563584351,1,"{'mechanical': 1, 'ebike': 0}",2,15,0,72,IN_SERVICE,072 - Venezuela,18,-34.6135421,-58.3746635,2019-07-19 22:02:54.551666-03:00
64,False,1,1,1,1563584416,1,"{'mechanical': 1, 'ebike': 0}",4,10,0,73,IN_SERVICE,073 - Ruy Díaz de Guzmán,16,-34.6306814,-58.3718235,2019-07-19 22:02:54.551666-03:00
65,False,1,1,1,1563584432,1,"{'mechanical': 1, 'ebike': 0}",1,22,0,74,IN_SERVICE,074 - INSTITUTO  LELOIR,24,-34.6043825,-58.4346338,2019-07-19 22:02:54.551666-03:00
66,False,1,1,1,1563584446,1,"{'mechanical': 1, 'ebike': 0}",3,16,0,75,IN_SERVICE,075 - Plaza Primero de Mayo,20,-34.6122976,-58.3989871,2019-07-19 22:02:54.551666-03:00
67,False,1,1,1,1563584476,0,"{'mechanical': 0, 'ebike': 0}",11,9,0,76,IN_SERVICE,076 - Ayacucho,20,-34.6074084,-58.3950548,2019-07-19 22:02:54.551666-03:00
68,False,1,1,1,1563584391,1,"{'mechanical': 1, 'ebike': 0}",2,17,1,77,IN_SERVICE,077 - SARANDI,20,-34.6116273,-58.3947367,2019-07-19 22:02:54.551666-03:00
69,False,1,1,1,1563584535,0,"{'mechanical': 0, 'ebike': 0}",6,14,1,78,IN_SERVICE,078 - SUIPACHA Y ARROYO,20,-34.5910737,-58.3799953,2019-07-19 22:02:54.551666-03:00
70,False,1,1,1,1563584318,1,"{'mechanical': 1, 'ebike': 0}",3,26,0,79,IN_SERVICE,079 - AZUCENA VILLAFLOR,30,-34.61189,-58.36393,2019-07-19 22:02:54.551666-03:00
71,False,1,1,1,1563584493,3,"{'mechanical': 3, 'ebike': 0}",2,11,0,80,IN_SERVICE,080 - DOBLAS,16,-34.624435,-58.4303766,2019-07-19 22:02:54.551666-03:00
72,False,1,1,1,1563584413,4,"{'mechanical': 4, 'ebike': 0}",5,11,0,82,IN_SERVICE,082 - HOSPITAL ITALIANO,20,-34.6078917,-58.4263947,2019-07-19 22:02:54.551666-03:00
73,False,1,1,1,1563584374,0,"{'mechanical': 0, 'ebike': 0}",6,14,0,83,IN_SERVICE,083 - Paraná,20,-34.603269,-58.3893728,2019-07-19 22:02:54.551666-03:00
74,False,1,1,1,1563584511,1,"{'mechanical': 1, 'ebike': 0}",8,11,0,84,IN_SERVICE,084 - Lavalle,20,-34.6023203,-58.3955144,2019-07-19 22:02:54.551666-03:00
75,False,1,1,1,1563584303,0,"{'mechanical': 0, 'ebike': 0}",0,20,0,85,IN_SERVICE,085 - AGUERO,20,-34.5948057,-58.4091784,2019-07-19 22:02:54.551666-03:00
76,False,1,1,1,1563584337,1,"{'mechanical': 1, 'ebike': 0}",3,16,0,86,IN_SERVICE,086 - SAAVEDRA,20,-34.6212681,-58.4016808,2019-07-19 22:02:54.551666-03:00
77,False,1,1,1,1563584424,4,"{'mechanical': 4, 'ebike': 0}",2,10,0,87,IN_SERVICE,087 - Guayaquil,16,-34.619845,-58.4314942,2019-07-19 22:02:54.551666-03:00
78,False,1,1,1,1563584342,0,"{'mechanical': 0, 'ebike': 0}",1,19,0,88,IN_SERVICE,088 - MISIONES,20,-34.612575,-58.404356,2019-07-19 22:02:54.551666-03:00
79,False,1,1,1,1563584492,0,"{'mechanical': 0, 'ebike': 0}",0,20,0,89,IN_SERVICE,089 - Cabello,20,-34.5825475,-58.4056671,2019-07-19 22:02:54.551666-03:00
80,False,1,1,1,1563584339,1,"{'mechanical': 1, 'ebike': 0}",0,19,0,90,IN_SERVICE,090 - GUTIERREZ,20,-34.5866324,-58.3998749,2019-07-19 22:02:54.551666-03:00
81,False,1,1,1,1563584378,1,"{'mechanical': 1, 'ebike': 0}",1,18,0,91,IN_SERVICE,091 - Pasco,20,-34.6174482,-58.397602,2019-07-19 22:02:54.551666-03:00
82,False,1,1,1,1563584352,2,"{'mechanical': 2, 'ebike': 0}",3,15,0,92,IN_SERVICE,092 - Salcedo,20,-34.6316444,-58.4053386,2019-07-19 22:02:54.551666-03:00
83,False,1,1,1,1563584441,0,"{'mechanical': 0, 'ebike': 0}",4,16,1,93,IN_SERVICE,093 - CARLOS CALVO,20,-34.620798,-58.3944635,2019-07-19 22:02:54.551666-03:00
84,False,1,1,1,1563584564,2,"{'mechanical': 2, 'ebike': 0}",6,22,0,94,IN_SERVICE,094 - GÚZMAN,30,-34.591511,-58.449652,2019-07-19 22:02:54.551666-03:00
85,False,1,1,1,1563584468,0,"{'mechanical': 0, 'ebike': 0}",1,15,0,95,IN_SERVICE,095 - ESMERALDA,16,-34.6021121,-58.3781678,2019-07-19 22:02:54.551666-03:00
86,False,1,1,1,1563584327,3,"{'mechanical': 3, 'ebike': 0}",2,15,1,96,IN_SERVICE,096 - Carlos Gardel,20,-34.6027814,-58.4116586,2019-07-19 22:02:54.551666-03:00
87,False,1,1,1,1563584527,0,"{'mechanical': 0, 'ebike': 0}",9,7,0,98,IN_SERVICE,098 - Moreno,16,-34.6117981,-58.3784717,2019-07-19 22:02:54.551666-03:00
88,False,1,1,1,1563584419,1,"{'mechanical': 1, 'ebike': 0}",1,9,0,99,IN_SERVICE,099 - Malabia,11,-34.5960961,-58.435408,2019-07-19 22:02:54.551666-03:00
89,False,1,1,1,1563584341,0,"{'mechanical': 0, 'ebike': 0}",2,17,0,101,IN_SERVICE,101 - Fitz Roy,20,-34.5891857,-58.4424397,2019-07-19 22:02:54.551666-03:00
90,False,1,1,1,1563584395,0,"{'mechanical': 0, 'ebike': 0}",1,11,0,102,IN_SERVICE,102 - ROSETI,12,-34.5864287,-58.4458199,2019-07-19 22:02:54.551666-03:00
91,False,1,1,1,1563584426,0,"{'mechanical': 0, 'ebike': 0}",0,30,0,104,IN_SERVICE,104 - Federico Lacroze,30,-34.587617,-58.455212,2019-07-19 22:02:54.551666-03:00
92,False,1,1,1,1563584547,0,"{'mechanical': 0, 'ebike': 0}",0,15,0,105,IN_SERVICE,105 - 15 DE NOVIEMBRE,15,-34.6340844,-58.4008662,2019-07-19 22:02:54.551666-03:00
93,False,1,1,1,1563584370,1,"{'mechanical': 1, 'ebike': 0}",0,19,1,106,IN_SERVICE,106 - RINCÓN,20,-34.6152509,-58.3958827,2019-07-19 22:02:54.551666-03:00
94,False,1,1,1,1563584447,7,"{'mechanical': 7, 'ebike': 0}",0,9,0,107,IN_SERVICE,107 - HOSPITAL GARRAHAN,16,-34.630374,-58.395852,2019-07-19 22:02:54.551666-03:00
95,False,1,1,1,1563584532,1,"{'mechanical': 1, 'ebike': 0}",3,16,0,110,IN_SERVICE,110 - Guardia Vieja,20,-34.601738,-58.415434,2019-07-19 22:02:54.551666-03:00
96,False,1,1,1,1563584390,0,"{'mechanical': 0, 'ebike': 0}",5,25,1,111,IN_SERVICE,111 - MACACHA GUEMES,30,-34.6054877,-58.3646858,2019-07-19 22:02:54.551666-03:00
97,False,1,1,1,1563584504,0,"{'mechanical': 0, 'ebike': 0}",2,14,0,112,IN_SERVICE,112 - 9 de Julio,16,-34.612075,-58.380384,2019-07-19 22:02:54.551666-03:00
98,False,1,1,1,1563584374,0,"{'mechanical': 0, 'ebike': 0}",3,27,0,114,IN_SERVICE,114 - DELLA PAOLERA,30,-34.5949745,-58.3722554,2019-07-19 22:02:54.551666-03:00
99,False,1,1,1,1563584471,1,"{'mechanical': 1, 'ebike': 0}",8,7,0,115,IN_SERVICE,115 - QUINTANA,16,-34.5878001,-58.3908362,2019-07-19 22:02:54.551666-03:00
100,False,1,1,1,1563584380,0,"{'mechanical': 0, 'ebike': 0}",4,8,0,116,IN_SERVICE,116 - HOSPITAL ALEMÁN,12,-34.5921708,-58.4025894,2019-07-19 22:02:54.551666-03:00
101,False,1,1,1,1563584330,2,"{'mechanical': 2, 'ebike': 0}",2,12,0,117,IN_SERVICE,117 - HUMBERTO 1°,16,-34.6201008,-58.3741759,2019-07-19 22:02:54.551666-03:00
102,False,1,1,1,1563584323,3,"{'mechanical': 3, 'ebike': 0}",0,17,0,118,IN_SERVICE,118 - MEXICO,20,-34.6170196,-58.4026531,2019-07-19 22:02:54.551666-03:00
103,False,1,1,1,1563584444,1,"{'mechanical': 1, 'ebike': 0}",1,18,0,119,IN_SERVICE,119 - EMILIO MITRE,20,-34.5885608,-58.3973293,2019-07-19 22:02:54.551666-03:00
104,False,1,1,1,1563584537,2,"{'mechanical': 2, 'ebike': 0}",0,18,0,120,IN_SERVICE,120 - HOSPITAL RAMOS MEJIA,20,-34.617509,-58.4092876,2019-07-19 22:02:54.551666-03:00
105,False,1,1,1,1563584431,2,"{'mechanical': 2, 'ebike': 0}",1,17,0,121,IN_SERVICE,121 - YATAY,20,-34.6011732,-58.4285093,2019-07-19 22:02:54.551666-03:00
106,False,1,1,1,1563584319,1,"{'mechanical': 1, 'ebike': 0}",1,17,0,122,IN_SERVICE,122 - COSTA RICA,20,-34.5916569,-58.4204199,2019-07-19 22:02:54.551666-03:00
107,False,1,1,1,1563584484,5,"{'mechanical': 5, 'ebike': 0}",1,14,1,124,IN_SERVICE,124 - UGARTECHE,20,-34.580538,-58.411965,2019-07-19 22:02:54.551666-03:00
108,False,1,1,1,1563584521,1,"{'mechanical': 1, 'ebike': 0}",2,13,0,126,IN_SERVICE,126 - MINISTERIO DE JUSTICIA  Y SEGURIDAD,16,-34.6402672,-58.3692243,2019-07-19 22:02:54.551666-03:00
109,False,1,1,1,1563584341,0,"{'mechanical': 0, 'ebike': 0}",1,15,0,127,IN_SERVICE,127 - SANTOS DUMONT Y OTERO,16,-34.5923884,-58.453077,2019-07-19 22:02:54.551666-03:00
110,False,1,1,1,1563584429,0,"{'mechanical': 0, 'ebike': 0}",1,19,0,128,IN_SERVICE,128 - PARQUE DEL BAJO,20,-34.6041138,-58.3689118,2019-07-19 22:02:54.551666-03:00
111,False,1,1,1,1563584448,0,"{'mechanical': 0, 'ebike': 0}",3,37,0,130,IN_SERVICE,130 - RETIRO II,40,-34.5921056,-58.3745419,2019-07-19 22:02:54.551666-03:00
112,False,1,1,1,1563584339,0,"{'mechanical': 0, 'ebike': 0}",2,14,0,131,IN_SERVICE,131- HOSPITAL DE CLÍNICAS,16,-34.5984043,-58.3990158,2019-07-19 22:02:54.551666-03:00
113,False,1,1,1,1563584377,0,"{'mechanical': 0, 'ebike': 0}",0,12,0,132,IN_SERVICE,132 - CORRIENTES,12,-34.6033685,-58.372763,2019-07-19 22:02:54.551666-03:00
114,False,1,1,1,1563584554,2,"{'mechanical': 2, 'ebike': 0}",2,16,0,134,IN_SERVICE,134 - DON BOSCO,20,-34.6118013,-58.4150532,2019-07-19 22:02:54.551666-03:00
115,False,1,1,1,1563584532,1,"{'mechanical': 1, 'ebike': 0}",3,16,1,135,IN_SERVICE,135 - MARCELO T. DE ALVEAR,20,-34.5972818,-58.3787856,2019-07-19 22:02:54.551666-03:00
116,False,1,1,1,1563584399,1,"{'mechanical': 1, 'ebike': 0}",5,14,1,137,IN_SERVICE,137 - AZOPARDO Y CHILE,20,-34.6155977,-58.3674923,2019-07-19 22:02:54.551666-03:00
117,False,1,1,1,1563584506,2,"{'mechanical': 2, 'ebike': 0}",0,10,0,138,IN_SERVICE,138 - Hospital Britanico,12,-34.6353595,-58.3876724,2019-07-19 22:02:54.551666-03:00
118,False,1,1,1,1563584488,0,"{'mechanical': 0, 'ebike': 0}",1,19,0,141,IN_SERVICE,141 - SOLIS Y ALSINA,20,-34.6115231,-58.3904968,2019-07-19 22:02:54.551666-03:00
119,False,1,1,1,1563584523,6,"{'mechanical': 6, 'ebike': 0}",5,9,0,143,IN_SERVICE,143 - BILLINGHURST Y VALENTÍN GOMEZ,20,-34.604709,-58.415807,2019-07-19 22:02:54.551666-03:00
120,False,1,1,1,1563584433,0,"{'mechanical': 0, 'ebike': 0}",4,16,0,144,IN_SERVICE,144 - PUEYRREDÓN,20,-34.6018744,-58.4060944,2019-07-19 22:02:54.551666-03:00
121,False,1,1,1,1563584460,1,"{'mechanical': 1, 'ebike': 0}",2,17,0,146,IN_SERVICE,146 - HOSPITAL FRANCES,20,-34.6221118,-58.4078419,2019-07-19 22:02:54.551666-03:00
122,False,1,1,1,1563584347,13,"{'mechanical': 13, 'ebike': 0}",8,7,0,148,IN_SERVICE,323 - Parque Avellaneda II,28,-34.6443615,-58.4846764,2019-07-19 22:02:54.551666-03:00
123,False,1,1,1,1563584317,0,"{'mechanical': 0, 'ebike': 0}",0,16,0,149,IN_SERVICE,149 - LIMA,16,-34.6153266,-58.3813642,2019-07-19 22:02:54.551666-03:00
124,False,1,1,1,1563584452,2,"{'mechanical': 2, 'ebike': 0}",4,24,0,150,IN_SERVICE,150 - VERA PEÑALOZA,30,-34.6181003,-58.3631389,2019-07-19 22:02:54.551666-03:00
125,False,1,1,1,1563584313,0,"{'mechanical': 0, 'ebike': 0}",6,18,0,151,IN_SERVICE,151 - AIME PAINÉ,24,-34.6118145,-58.361285,2019-07-19 22:02:54.551666-03:00
126,False,1,1,1,1563584520,0,"{'mechanical': 0, 'ebike': 0}",1,19,0,152,IN_SERVICE,152 - JULIETA LANTERI,20,-34.6181645,-58.3596311,2019-07-19 22:02:54.551666-03:00
127,False,1,1,1,1563584463,0,"{'mechanical': 0, 'ebike': 0}",1,15,0,153,IN_SERVICE,153 - JUAN MANUEL DE BLANES,16,-34.6307765,-58.3620701,2019-07-19 22:02:54.551666-03:00
128,False,1,1,1,1563584479,2,"{'mechanical': 2, 'ebike': 0}",1,17,0,154,IN_SERVICE,154 - GALLO,20,-34.6005484,-58.4122849,2019-07-19 22:02:54.551666-03:00
129,False,1,1,1,1563584389,0,"{'mechanical': 0, 'ebike': 0}",20,0,0,155,IN_SERVICE,155 - PARQUE JOSE EVARISTO URIBURU,20,-34.6409617,-58.4125606,2019-07-19 22:02:54.551666-03:00
130,False,1,1,1,1563584372,1,"{'mechanical': 1, 'ebike': 0}",2,17,0,156,IN_SERVICE,156 - Plaza Alemania,20,-34.5775895,-58.4074696,2019-07-19 22:02:54.551666-03:00
131,False,1,1,1,1563584382,3,"{'mechanical': 3, 'ebike': 0}",0,17,0,158,IN_SERVICE,158 - VILLARROEL,20,-34.592735,-58.4450697,2019-07-19 22:02:54.551666-03:00
132,False,1,1,1,1563584451,1,"{'mechanical': 1, 'ebike': 0}",5,14,0,161,IN_SERVICE,161 - Humahuaca,20,-34.6020779,-58.4196761,2019-07-19 22:02:54.551666-03:00
133,False,1,1,1,1563584562,0,"{'mechanical': 0, 'ebike': 0}",4,16,0,162,IN_SERVICE,162 - LARREA Y BARTOLOMÉ MITRE,20,-34.608985,-58.401924,2019-07-19 22:02:54.551666-03:00
134,False,1,1,1,1563584459,0,"{'mechanical': 0, 'ebike': 0}",1,29,0,163,IN_SERVICE,163 - ONCE II,30,-34.6095663,-58.4064308,2019-07-19 22:02:54.551666-03:00
135,False,1,1,1,1563584463,0,"{'mechanical': 0, 'ebike': 0}",4,16,1,164,IN_SERVICE,164 - FACULTAD DE INGENERIA,20,-34.6181442,-58.3669021,2019-07-19 22:02:54.551666-03:00
136,False,1,1,1,1563584543,1,"{'mechanical': 1, 'ebike': 0}",3,8,0,165,IN_SERVICE,165 - PLAZA MONSEÑOR MIGUEL DE ANDREA,12,-34.597048,-58.407614,2019-07-19 22:02:54.551666-03:00
137,False,1,1,1,1563584530,0,"{'mechanical': 0, 'ebike': 0}",7,13,1,166,IN_SERVICE,166 - Cementerio de Recoleta,20,-34.5891897,-58.3932507,2019-07-19 22:02:54.551666-03:00
138,False,1,1,1,1563584382,1,"{'mechanical': 1, 'ebike': 0}",4,11,0,167,IN_SERVICE,275 - PLAZA 24 DE SEPTIEMBRE,16,-34.6070594,-58.4485709,2019-07-19 22:02:54.551666-03:00
139,False,1,1,1,1563584322,0,"{'mechanical': 0, 'ebike': 0}",1,15,0,168,IN_SERVICE,168 - Estados Unidos,16,-34.6186217,-58.3812271,2019-07-19 22:02:54.551666-03:00
140,False,1,1,1,1563584432,1,"{'mechanical': 1, 'ebike': 0}",0,11,0,169,IN_SERVICE,169 - FACULTAD DE PSICOLOGIA,12,-34.611875,-58.411887,2019-07-19 22:02:54.551666-03:00
141,False,1,1,1,1563584479,7,"{'mechanical': 7, 'ebike': 0}",3,5,0,170,IN_SERVICE,170 - SAN LUIS Y ECUADOR,15,-34.5996644,-58.4061023,2019-07-19 22:02:54.551666-03:00
142,False,1,1,1,1563584546,0,"{'mechanical': 0, 'ebike': 0}",7,9,0,172,IN_SERVICE,172 - BRASIL,16,-34.625426,-58.371082,2019-07-19 22:02:54.551666-03:00
143,False,1,1,1,1563584359,1,"{'mechanical': 1, 'ebike': 0}",0,15,0,173,IN_SERVICE,173 - PLAZA CECILIA GRIERSON,16,-34.6222964,-58.3751607,2019-07-19 22:02:54.551666-03:00
144,False,1,1,1,1563584424,1,"{'mechanical': 1, 'ebike': 0}",2,13,0,174,IN_SERVICE,174 - MINISTERIO DE EDUCACION,16,-34.597225,-58.391768,2019-07-19 22:02:54.551666-03:00
145,False,1,1,1,1563584338,1,"{'mechanical': 1, 'ebike': 0}",12,23,2,175,IN_SERVICE,147 - Constitución,36,-34.6267408,-58.3809349,2019-07-19 22:02:54.551666-03:00
146,False,1,1,1,1563584475,5,"{'mechanical': 5, 'ebike': 0}",2,10,0,176,IN_SERVICE,176 - PINZÓN Y MARTÍN RODRIGUEZ,18,-34.6341873,-58.3611029,2019-07-19 22:02:54.551666-03:00
147,False,1,1,1,1563584559,3,"{'mechanical': 3, 'ebike': 0}",0,9,0,177,IN_SERVICE,177 -PLANETARIO,12,-34.5680151,-58.41208,2019-07-19 22:02:54.551666-03:00
148,False,1,1,1,1563584550,9,"{'mechanical': 9, 'ebike': 0}",2,8,0,179,IN_SERVICE,179 - LA BOCA,19,-34.638989,-58.3605313,2019-07-19 22:02:54.551666-03:00
149,False,1,1,1,1563584480,0,"{'mechanical': 0, 'ebike': 0}",4,16,0,180,IN_SERVICE,180 - CASTRO Y MEXICO,20,-34.619775,-58.420492,2019-07-19 22:02:54.551666-03:00
150,False,1,1,1,1563584531,1,"{'mechanical': 1, 'ebike': 0}",0,19,0,181,IN_SERVICE,181 - BILLINGHURST Y MANSILLA,20,-34.5927221,-58.4120394,2019-07-19 22:02:54.551666-03:00
151,False,1,1,1,1563584315,4,"{'mechanical': 4, 'ebike': 0}",3,13,0,182,IN_SERVICE,182 - RAVIGNANI Y GUATEMALA,20,-34.5780479,-58.4352466,2019-07-19 22:02:54.551666-03:00
152,False,1,1,1,1563584564,6,"{'mechanical': 6, 'ebike': 0}",2,11,0,183,IN_SERVICE,183 - VIRREY CEVALLOS,19,-34.6156994,-58.3899728,2019-07-19 22:02:54.551666-03:00
153,False,1,1,1,1563584373,2,"{'mechanical': 2, 'ebike': 0}",0,18,0,184,IN_SERVICE,184 - Pedro Echague,20,-34.6306129,-58.3913419,2019-07-19 22:02:54.551666-03:00
154,False,1,1,1,1563584565,0,"{'mechanical': 0, 'ebike': 0}",3,17,0,185,IN_SERVICE,185 - AV. PAVÓN Y 33 ORIENTALES,20,-34.63133,-58.42177,2019-07-19 22:02:54.551666-03:00
155,False,1,1,1,1563584553,2,"{'mechanical': 2, 'ebike': 0}",3,15,0,186,IN_SERVICE,186 - MANZANA 66,20,-34.6136356,-58.4064415,2019-07-19 22:02:54.551666-03:00
156,False,1,1,1,1563584535,1,"{'mechanical': 1, 'ebike': 0}",5,10,0,187,IN_SERVICE,261 - QUINTEROS LIDORO,16,-34.5528626,-58.450854,2019-07-19 22:02:54.551666-03:00
157,False,1,1,1,1563584323,1,"{'mechanical': 1, 'ebike': 0}",4,15,0,188,IN_SERVICE,373 - Jorgelina De Simone,20,-34.623923,-58.3904814,2019-07-19 22:02:54.551666-03:00
158,False,1,1,1,1563584460,0,"{'mechanical': 0, 'ebike': 0}",7,13,0,189,IN_SERVICE,189 - POSADAS,20,-34.5886889,-58.3852113,2019-07-19 22:02:54.551666-03:00
159,False,1,1,1,1563584480,1,"{'mechanical': 1, 'ebike': 0}",2,17,3,190,IN_SERVICE,190 - JUNCAL,20,-34.5850763,-58.4111136,2019-07-19 22:02:54.551666-03:00
160,False,1,1,1,1563584550,0,"{'mechanical': 0, 'ebike': 0}",2,14,0,191,IN_SERVICE,191 - Rivadavia y 9 de Julio,16,-34.6079305,-58.3808358,2019-07-19 22:02:54.551666-03:00
161,False,1,1,1,1563584331,1,"{'mechanical': 1, 'ebike': 0}",2,17,0,192,IN_SERVICE,192 - Talcahuano,20,-34.5972773,-58.3855748,2019-07-19 22:02:54.551666-03:00
162,False,1,1,1,1563584552,1,"{'mechanical': 1, 'ebike': 0}",1,18,0,193,IN_SERVICE,193 - ARENALES Y AGUERO,20,-34.5908626,-58.4061652,2019-07-19 22:02:54.551666-03:00
163,False,1,1,1,1563584512,3,"{'mechanical': 3, 'ebike': 0}",3,9,2,194,IN_SERVICE,194 - PERÓN Y ACUÑA DE FIGUEROA,16,-34.6060758,-58.4224635,2019-07-19 22:02:54.551666-03:00
164,False,1,1,1,1563584408,0,"{'mechanical': 0, 'ebike': 0}",3,17,0,195,IN_SERVICE,357 - PLAZA MARTIN FIERRO,20,-34.6260785,-58.407389,2019-07-19 22:02:54.551666-03:00
165,False,1,1,1,1563584515,0,"{'mechanical': 0, 'ebike': 0}",4,16,0,196,IN_SERVICE,196 - HOSPITAL ARGERICH,20,-34.6275351,-58.3657211,2019-07-19 22:02:54.551666-03:00
166,False,1,1,1,1563584424,0,"{'mechanical': 0, 'ebike': 0}",3,17,0,197,IN_SERVICE,197 - Quintino Bocayuva,20,-34.613449,-58.4233969,2019-07-19 22:02:54.551666-03:00
167,False,1,1,1,1563584182,14,"{'mechanical': 14, 'ebike': 0}",2,4,1,199,IN_SERVICE,199 - ESTADOS UNIDOS Y BOEDO,20,-34.6222601,-58.4160137,2019-07-19 22:02:54.551666-03:00
168,False,1,1,1,1563584343,0,"{'mechanical': 0, 'ebike': 0}",6,14,0,200,IN_SERVICE,200 - AUSTRIA Y FRENCH,20,-34.5883282,-58.4038684,2019-07-19 22:02:54.551666-03:00
169,False,1,1,1,1563584313,0,"{'mechanical': 0, 'ebike': 0}",3,17,0,201,IN_SERVICE,175 - Esmeralda y Corrientes,20,-34.6034449,-58.378167,2019-07-19 22:02:54.551666-03:00
170,False,1,1,1,1563584454,0,"{'mechanical': 0, 'ebike': 0}",5,25,1,202,IN_SERVICE,001 - FACULTAD DE DERECHO,30,-34.583811,-58.390967,2019-07-19 22:02:54.551666-03:00
171,False,1,1,1,1563584328,1,"{'mechanical': 1, 'ebike': 0}",1,22,0,203,IN_SERVICE,108 - Usina del Arte,24,-34.628511,-58.356004,2019-07-19 22:02:54.551666-03:00
172,False,1,1,1,1563584446,2,"{'mechanical': 2, 'ebike': 0}",4,18,0,204,IN_SERVICE,167 - Hipólito Yrigoyen,24,-34.6148209,-58.4278453,2019-07-19 22:02:54.551666-03:00
173,False,1,1,1,1563584502,1,"{'mechanical': 1, 'ebike': 0}",3,12,0,205,IN_SERVICE,125 - F.J.Santamaria de Oro,16,-34.5832733,-58.4279562,2019-07-19 22:02:54.551666-03:00
174,False,1,1,1,1563584513,0,"{'mechanical': 0, 'ebike': 0}",3,13,0,206,IN_SERVICE,159 - Fitz Roy & Gorriti,16,-34.5849119,-58.4372524,2019-07-19 22:02:54.551666-03:00
175,False,1,1,1,1563584469,1,"{'mechanical': 1, 'ebike': 0}",1,18,0,207,IN_SERVICE,123 - Armenia,20,-34.5852485,-58.420906,2019-07-19 22:02:54.551666-03:00
176,False,1,1,1,1563584558,2,"{'mechanical': 2, 'ebike': 0}",0,18,2,208,IN_SERVICE,145 - RAVIGNANI,20,-34.5804702,-58.4379925,2019-07-19 22:02:54.551666-03:00
177,False,1,1,1,1563584370,0,"{'mechanical': 0, 'ebike': 0}",2,18,0,210,IN_SERVICE,335 - General Urquiza,20,-34.572132,-58.4113228,2019-07-19 22:02:54.551666-03:00
178,False,1,1,1,1563584471,0,"{'mechanical': 0, 'ebike': 0}",0,20,1,211,IN_SERVICE,195 - Plaza Garay,20,-34.6266267,-58.3879696,2019-07-19 22:02:54.551666-03:00
179,False,1,1,1,1563584551,1,"{'mechanical': 1, 'ebike': 0}",5,14,0,212,IN_SERVICE,129 - Velasco,20,-34.600164,-58.434983,2019-07-19 22:02:54.551666-03:00
180,False,1,1,1,1563584536,0,"{'mechanical': 0, 'ebike': 0}",4,16,0,213,IN_SERVICE,136 - Acevedo,20,-34.5995649,-58.4425362,2019-07-19 22:02:54.551666-03:00
181,False,1,1,1,1563584402,3,"{'mechanical': 3, 'ebike': 0}",3,10,0,214,IN_SERVICE,142 - Armenia y Gorriti,16,-34.5905808,-58.4289624,2019-07-19 22:02:54.551666-03:00
182,False,1,1,1,1563584530,0,"{'mechanical': 0, 'ebike': 0}",1,19,0,215,IN_SERVICE,113 - Guatemala,20,-34.5858843,-58.4251226,2019-07-19 22:02:54.551666-03:00
183,False,1,1,1,1563584394,1,"{'mechanical': 1, 'ebike': 0}",4,15,0,216,IN_SERVICE,059 - Coronel Diaz,20,-34.5900976,-58.4114907,2019-07-19 22:02:54.551666-03:00
184,False,1,1,1,1563584506,3,"{'mechanical': 3, 'ebike': 0}",1,12,0,217,IN_SERVICE,198 - HOSPITAL SARDÁ,16,-34.6342818,-58.4042123,2019-07-19 22:02:54.551666-03:00
185,False,1,1,1,1563584469,3,"{'mechanical': 3, 'ebike': 0}",3,10,0,218,IN_SERVICE,067 - Senillosa,16,-34.638523,-58.425464,2019-07-19 22:02:54.551666-03:00
186,False,1,1,1,1563584501,5,"{'mechanical': 5, 'ebike': 0}",4,7,0,219,IN_SERVICE,140 - Las Casas,16,-34.6351732,-58.4157035,2019-07-19 22:02:54.551666-03:00
187,False,1,1,1,1563584462,0,"{'mechanical': 0, 'ebike': 0}",5,11,0,220,IN_SERVICE,097 - Avelino Diaz,16,-34.6354717,-58.4279173,2019-07-19 22:02:54.551666-03:00
188,False,1,1,1,1563584368,0,"{'mechanical': 0, 'ebike': 0}",1,19,0,221,IN_SERVICE,157 - Senillosa y Zuviria,20,-34.6280441,-58.4274042,2019-07-19 22:02:54.551666-03:00
189,False,1,1,1,1563584553,1,"{'mechanical': 1, 'ebike': 0}",2,17,0,222,IN_SERVICE,160 - Godoy Cruz y Libertador,20,-34.5727715,-58.4206642,2019-07-19 22:02:54.551666-03:00
190,False,1,1,1,1563584388,6,"{'mechanical': 6, 'ebike': 0}",7,3,0,223,IN_SERVICE,178 - José Marmol,16,-34.623456,-58.424895,2019-07-19 22:02:54.551666-03:00
191,False,1,1,1,1563584463,4,"{'mechanical': 4, 'ebike': 0}",2,14,1,225,IN_SERVICE,109 - Lerma,20,-34.5968511,-58.4295184,2019-07-19 22:02:54.551666-03:00
192,False,1,1,1,1563584518,3,"{'mechanical': 3, 'ebike': 0}",6,11,0,226,IN_SERVICE,139 - Virrey Liniers,20,-34.633335,-58.4132263,2019-07-19 22:02:54.551666-03:00
193,False,1,1,1,1563584347,0,"{'mechanical': 0, 'ebike': 0}",0,20,1,227,IN_SERVICE,188 - Aranguren,20,-34.6105021,-58.4327935,2019-07-19 22:02:54.551666-03:00
194,False,1,1,1,1563584529,0,"{'mechanical': 0, 'ebike': 0}",3,17,0,228,IN_SERVICE,010 - Madero UCA,20,-34.6162819,-58.3657444,2019-07-19 22:02:54.551666-03:00
195,False,1,1,1,1563584457,5,"{'mechanical': 5, 'ebike': 0}",0,7,0,229,IN_SERVICE,243 - PLAZOLETA CELEDONIO FLORES,12,-34.5813811,-58.4514575,2019-07-19 22:02:54.551666-03:00
196,False,1,1,1,1563584466,1,"{'mechanical': 1, 'ebike': 0}",6,9,0,230,IN_SERVICE,259 - PLAZA CASTELLI,16,-34.5678255,-58.4645037,2019-07-19 22:02:54.551666-03:00
197,False,1,1,1,1563584436,4,"{'mechanical': 4, 'ebike': 0}",1,11,0,231,IN_SERVICE,384 - PLAZA BENITO NAZAR,16,-34.6051305,-58.4458398,2019-07-19 22:02:54.551666-03:00
198,False,1,1,1,1563584558,5,"{'mechanical': 5, 'ebike': 0}",2,12,0,232,IN_SERVICE,252 - Tamborini,19,-34.5599395,-58.4788904,2019-07-19 22:02:54.551666-03:00
199,False,1,1,1,1563584492,1,"{'mechanical': 1, 'ebike': 0}",1,22,0,233,IN_SERVICE,389 - Plaza República De Mexico,24,-34.5539765,-58.4360367,2019-07-19 22:02:54.551666-03:00
200,False,1,1,1,1563584370,0,"{'mechanical': 0, 'ebike': 0}",1,18,0,234,IN_SERVICE,344 - UNIVERSIDAD DI TELLA,20,-34.5483593,-58.4475673,2019-07-19 22:02:54.551666-03:00
201,False,1,1,1,1563584396,2,"{'mechanical': 2, 'ebike': 0}",5,16,0,235,IN_SERVICE,281 - JUAN MANUEL DE ROSAS,24,-34.5737764,-58.4868051,2019-07-19 22:02:54.551666-03:00
202,False,1,1,1,1563584521,0,"{'mechanical': 0, 'ebike': 0}",2,13,0,236,IN_SERVICE,254 - Plaza Rafael Hernandez,16,-34.5623422,-58.4550484,2019-07-19 22:02:54.551666-03:00
203,False,1,1,1,1563566413,4,"{'mechanical': 4, 'ebike': 0}",5,15,0,238,IN_SERVICE,217 - CACHIMAYO,24,-34.6365814,-58.4367011,2019-07-19 22:02:54.551666-03:00
204,False,1,1,1,1563584382,2,"{'mechanical': 2, 'ebike': 0}",0,18,0,239,IN_SERVICE,391 - Plaza República de Ecuador,20,-34.5650089,-58.4201625,2019-07-19 22:02:54.551666-03:00
205,False,1,1,1,1563584448,5,"{'mechanical': 5, 'ebike': 0}",1,18,0,240,IN_SERVICE,239 - Vidal,24,-34.558137,-58.465559,2019-07-19 22:02:54.551666-03:00
206,False,1,1,1,1563584479,0,"{'mechanical': 0, 'ebike': 0}",3,9,0,241,IN_SERVICE,348 - Villa del Parque,12,-34.600874,-58.494123,2019-07-19 22:02:54.551666-03:00
207,False,1,1,1,1563518204,3,"{'mechanical': 3, 'ebike': 0}",0,17,0,242,IN_SERVICE,103 - MALBA,20,-34.5771741,-58.4032162,2019-07-19 22:02:54.551666-03:00
208,False,1,1,1,1563584534,4,"{'mechanical': 4, 'ebike': 0}",0,16,0,244,IN_SERVICE,266 - Plaza Alfredo Nobel,20,-34.5874735,-58.4842469,2019-07-19 22:02:54.551666-03:00
209,False,1,1,1,1563584333,1,"{'mechanical': 1, 'ebike': 0}",1,14,0,245,IN_SERVICE,248 - Husares,16,-34.5522044,-58.4431506,2019-07-19 22:02:54.551666-03:00
210,False,1,1,1,1563584548,0,"{'mechanical': 0, 'ebike': 0}",0,16,0,246,IN_SERVICE,338 - Sucre y Dragones,16,-34.554326,-58.4389256,2019-07-19 22:02:54.551666-03:00
211,False,1,1,1,1563584405,1,"{'mechanical': 1, 'ebike': 0}",0,17,0,247,IN_SERVICE,282 - Tronador,18,-34.5839895,-58.4666304,2019-07-19 22:02:54.551666-03:00
212,False,1,1,1,1563584543,0,"{'mechanical': 0, 'ebike': 0}",2,17,1,248,IN_SERVICE,346 - Plaza Zapiola,20,-34.5738411,-58.4742812,2019-07-19 22:02:54.551666-03:00
213,False,1,1,1,1563584491,9,"{'mechanical': 9, 'ebike': 0}",6,1,3,249,IN_SERVICE,307 - LEONARDO PEREYRA,16,-34.649843,-58.388562,2019-07-19 22:02:54.551666-03:00
214,False,1,1,1,1563584528,10,"{'mechanical': 10, 'ebike': 0}",5,1,0,250,IN_SERVICE,366 - Plaza Diaz Velez,16,-34.6526797,-58.377215,2019-07-19 22:02:54.551666-03:00
215,False,1,1,1,1563584326,6,"{'mechanical': 6, 'ebike': 0}",4,10,0,251,IN_SERVICE,388 - Plaza Jose C Paz,20,-34.6446224,-58.409772,2019-07-19 22:02:54.551666-03:00
216,False,1,1,1,1563584544,6,"{'mechanical': 6, 'ebike': 0}",9,1,0,252,IN_SERVICE,331 - PLAZA HERRERA,16,-34.6445163,-58.3762137,2019-07-19 22:02:54.551666-03:00
217,False,1,1,1,1563584290,0,"{'mechanical': 0, 'ebike': 0}",1,19,0,253,IN_SERVICE,383 - Boedo & Venezuela,20,-34.6172808,-58.4167728,2019-07-19 22:02:54.551666-03:00
218,False,1,1,1,1563584353,4,"{'mechanical': 4, 'ebike': 0}",0,12,0,254,IN_SERVICE,276 - PRIMERA JUNTA,16,-34.6206836,-58.4415718,2019-07-19 22:02:54.551666-03:00
219,False,1,1,1,1563584332,1,"{'mechanical': 1, 'ebike': 0}",0,15,0,255,IN_SERVICE,374 - Puan,16,-34.6221889,-58.44855,2019-07-19 22:02:54.551666-03:00
220,False,1,1,1,1563584313,1,"{'mechanical': 1, 'ebike': 0}",1,17,0,256,IN_SERVICE,209 - PAYSANDU,20,-34.610398,-58.454304,2019-07-19 22:02:54.551666-03:00
221,False,1,1,1,1563584479,0,"{'mechanical': 0, 'ebike': 0}",6,18,0,257,IN_SERVICE,264 - Plaza Marcos Sastre,24,-34.570829,-58.481233,2019-07-19 22:02:54.551666-03:00
222,False,1,1,1,1563584310,0,"{'mechanical': 0, 'ebike': 0}",2,14,0,258,IN_SERVICE,336 - La Pampa,16,-34.5655918,-58.4554838,2019-07-19 22:02:54.551666-03:00
223,False,1,1,1,1563584405,0,"{'mechanical': 0, 'ebike': 0}",4,12,1,259,IN_SERVICE,290 - Club Excursionistas,16,-34.5580469,-58.4434052,2019-07-19 22:02:54.551666-03:00
224,False,1,1,1,1563584349,2,"{'mechanical': 2, 'ebike': 0}",0,16,0,260,IN_SERVICE,371 - Paseo de las Americas,18,-34.550961,-58.4381142,2019-07-19 22:02:54.551666-03:00
225,False,1,1,1,1563584403,0,"{'mechanical': 0, 'ebike': 0}",0,16,0,261,IN_SERVICE,272 - Plaza Bruno Giordano,16,-34.616207,-58.4406995,2019-07-19 22:02:54.551666-03:00
226,False,1,1,1,1563584398,4,"{'mechanical': 4, 'ebike': 0}",2,10,0,262,IN_SERVICE,349 - Plaza Saenz Peña,16,-34.60962,-58.4673963,2019-07-19 22:02:54.551666-03:00
227,False,1,1,1,1563584342,5,"{'mechanical': 5, 'ebike': 0}",0,7,0,263,IN_SERVICE,270 - PLAZA DEL ANGEL GRIS,12,-34.6217948,-58.4575279,2019-07-19 22:02:54.551666-03:00
228,False,1,1,1,1563584428,0,"{'mechanical': 0, 'ebike': 0}",4,12,0,264,IN_SERVICE,283 - CNEL. JUAN CRUZ CZETZ,16,-34.5559308,-58.4812325,2019-07-19 22:02:54.551666-03:00
229,False,1,1,1,1563584436,12,"{'mechanical': 12, 'ebike': 0}",4,0,0,265,IN_SERVICE,361 - Plaza Don Segundo Sombra,16,-34.6418833,-58.450658,2019-07-19 22:02:54.551666-03:00
230,False,1,1,1,1563584382,1,"{'mechanical': 1, 'ebike': 0}",9,5,0,266,IN_SERVICE,379 - BERG,16,-34.6601336,-58.4287202,2019-07-19 22:02:54.551666-03:00
231,False,1,1,1,1563584454,6,"{'mechanical': 6, 'ebike': 0}",1,5,0,267,IN_SERVICE,353 - PLAZA VELEZ SARSFIELD,12,-34.6296512,-58.4835484,2019-07-19 22:02:54.551666-03:00
232,False,1,1,1,1563584535,2,"{'mechanical': 2, 'ebike': 0}",1,25,0,268,IN_SERVICE,399 - GARCIA DEL RIO,28,-34.550293,-58.4764172,2019-07-19 22:02:54.551666-03:00
233,False,1,1,1,1563584332,1,"{'mechanical': 1, 'ebike': 0}",2,15,0,269,IN_SERVICE,260 - SAN MIGUEL DE GARICOITS,18,-34.577296,-58.457854,2019-07-19 22:02:54.551666-03:00
234,False,1,1,1,1563584310,4,"{'mechanical': 4, 'ebike': 0}",10,2,0,270,IN_SERVICE,370 - Beauchef,16,-34.640114,-58.43026,2019-07-19 22:02:54.551666-03:00
235,False,1,1,1,1563584401,1,"{'mechanical': 1, 'ebike': 0}",9,10,0,271,IN_SERVICE,365 - Venancio Flores,20,-34.63008,-58.47426,2019-07-19 22:02:54.551666-03:00
236,False,1,1,1,1563584522,1,"{'mechanical': 1, 'ebike': 0}",1,18,0,272,IN_SERVICE,347 - PLAZA MALAVER,20,-34.5883744,-58.4668651,2019-07-19 22:02:54.551666-03:00
237,False,1,1,1,1563584488,0,"{'mechanical': 0, 'ebike': 0}",1,15,0,273,IN_SERVICE,223 - GAINZA,16,-34.61668,-58.4466674,2019-07-19 22:02:54.551666-03:00
238,False,1,1,1,1563584450,1,"{'mechanical': 1, 'ebike': 0}",3,20,0,274,IN_SERVICE,369 - Ciudad De La Paz,24,-34.5563511,-58.4630428,2019-07-19 22:02:54.551666-03:00
239,False,1,1,1,1563584315,1,"{'mechanical': 1, 'ebike': 0}",0,19,0,275,IN_SERVICE,256 - PLAZA NORUEGA,20,-34.5619095,-58.4585729,2019-07-19 22:02:54.551666-03:00
240,False,1,1,1,1563584407,2,"{'mechanical': 2, 'ebike': 0}",8,6,0,276,IN_SERVICE,296 - FREIRE,16,-34.559476,-58.4699652,2019-07-19 22:02:54.551666-03:00
241,False,1,1,1,1563584550,1,"{'mechanical': 1, 'ebike': 0}",6,5,0,277,IN_SERVICE,292 - PLAZA BOLIVIA,12,-34.5634645,-58.4360367,2019-07-19 22:02:54.551666-03:00
242,False,1,1,1,1563584478,3,"{'mechanical': 3, 'ebike': 0}",5,8,1,278,IN_SERVICE,233 - MONROE,16,-34.564083,-58.469789,2019-07-19 22:02:54.551666-03:00
243,False,1,1,1,1563584428,0,"{'mechanical': 0, 'ebike': 0}",0,20,0,279,IN_SERVICE,325 - CASTELLI Y PERON,20,-34.6074177,-58.4047854,2019-07-19 22:02:54.551666-03:00
244,False,1,1,1,1563584561,2,"{'mechanical': 2, 'ebike': 0}",10,12,1,280,IN_SERVICE,222 - SIMON BOLIVAR,24,-34.6333113,-58.4494755,2019-07-19 22:02:54.551666-03:00
245,False,1,1,1,1563584441,2,"{'mechanical': 2, 'ebike': 0}",1,13,0,281,IN_SERVICE,350 - Plaza Irlanda,16,-34.6138773,-58.4583742,2019-07-19 22:02:54.551666-03:00
246,False,1,1,1,1563584326,0,"{'mechanical': 0, 'ebike': 0}",2,18,0,282,IN_SERVICE,332 - PLAZOLETA PORTUGAL,20,-34.5699743,-58.4562794,2019-07-19 22:02:54.551666-03:00
247,False,1,1,1,1563584364,6,"{'mechanical': 6, 'ebike': 0}",1,13,1,283,IN_SERVICE,228 - BALDOMERO,20,-34.6355054,-58.456035,2019-07-19 22:02:54.551666-03:00
248,False,1,1,1,1563584444,1,"{'mechanical': 1, 'ebike': 0}",2,17,0,284,IN_SERVICE,229 - RIGLOS,20,-34.6311092,-58.4350943,2019-07-19 22:02:54.551666-03:00
249,False,1,1,1,1563584457,4,"{'mechanical': 4, 'ebike': 0}",4,12,1,285,IN_SERVICE,400 - Reserva Ecologica,20,-34.6172122,-58.3561752,2019-07-19 22:02:54.551666-03:00
250,False,1,1,1,1563584530,2,"{'mechanical': 2, 'ebike': 0}",3,11,0,286,IN_SERVICE,284 - BONIFACIO Y CARABOBO,16,-34.6304712,-58.4551112,2019-07-19 22:02:54.551666-03:00
251,False,1,1,1,1563584524,2,"{'mechanical': 2, 'ebike': 0}",0,18,0,287,IN_SERVICE,299 - HIDALGO,20,-34.6103343,-58.4409183,2019-07-19 22:02:54.551666-03:00
252,False,1,1,1,1563584373,8,"{'mechanical': 8, 'ebike': 0}",7,5,0,288,IN_SERVICE,333 - MIRO,20,-34.6404886,-58.4429517,2019-07-19 22:02:54.551666-03:00
253,False,1,1,1,1563584391,1,"{'mechanical': 1, 'ebike': 0}",2,21,0,289,IN_SERVICE,255 - BARRANCAS DE BELGRANO,24,-34.5597934,-58.4484316,2019-07-19 22:02:54.551666-03:00
254,False,1,1,1,1563584470,0,"{'mechanical': 0, 'ebike': 0}",3,17,1,290,IN_SERVICE,224 - FERROCARRIL OESTE,20,-34.6186003,-58.4456027,2019-07-19 22:02:54.551666-03:00
255,False,1,1,1,1563584350,0,"{'mechanical': 0, 'ebike': 0}",0,16,0,291,IN_SERVICE,244 - UADE,16,-34.616985,-58.381621,2019-07-19 22:02:54.551666-03:00
256,False,1,1,1,1563584346,1,"{'mechanical': 1, 'ebike': 0}",2,17,0,292,IN_SERVICE,355 - PLAZA RICARDO LLERAS,20,-34.634796,-58.378109,2019-07-19 22:02:54.551666-03:00
257,False,1,1,1,1563584347,2,"{'mechanical': 2, 'ebike': 0}",1,13,0,293,IN_SERVICE,294 - Bonifacio,16,-34.6264943,-58.4324405,2019-07-19 22:02:54.551666-03:00
258,False,1,1,1,1563584467,0,"{'mechanical': 0, 'ebike': 0}",3,17,0,294,IN_SERVICE,363 - Udaondo,20,-34.5458835,-58.4520062,2019-07-19 22:02:54.551666-03:00
259,False,1,1,1,1563584515,2,"{'mechanical': 2, 'ebike': 0}",3,15,0,295,IN_SERVICE,392 - Calasanz,20,-34.624802,-58.437683,2019-07-19 22:02:54.551666-03:00
260,False,1,1,1,1563584313,8,"{'mechanical': 8, 'ebike': 0}",1,5,1,296,IN_SERVICE,293 - PEDERNERA,15,-34.632961,-58.462547,2019-07-19 22:02:54.551666-03:00
261,False,1,1,1,1563584535,6,"{'mechanical': 6, 'ebike': 0}",3,7,0,297,IN_SERVICE,320 - QUIRNO,16,-34.640978,-58.466118,2019-07-19 22:02:54.551666-03:00
262,False,1,1,1,1563584391,1,"{'mechanical': 1, 'ebike': 0}",3,12,0,298,IN_SERVICE,271 - Plazoleta 11 de Noviembre,16,-34.634443,-58.463437,2019-07-19 22:02:54.551666-03:00
263,False,1,1,1,1563584315,12,"{'mechanical': 12, 'ebike': 0}",7,1,2,301,IN_SERVICE,309 - HOMERO MANZI,20,-34.644841,-58.431785,2019-07-19 22:02:54.551666-03:00
264,False,1,1,1,1563584414,4,"{'mechanical': 4, 'ebike': 0}",6,6,0,302,IN_SERVICE,340 - PLAZA NUEVA POMPEYA,16,-34.651955,-58.415423,2019-07-19 22:02:54.551666-03:00
265,False,1,1,1,1563584453,0,"{'mechanical': 0, 'ebike': 0}",1,19,0,303,IN_SERVICE,238 - RIVERA,20,-34.5577145,-58.4626871,2019-07-19 22:02:54.551666-03:00
266,False,1,1,1,1563584377,5,"{'mechanical': 5, 'ebike': 0}",2,9,0,304,IN_SERVICE,395 - Agronomia II,16,-34.589409,-58.484204,2019-07-19 22:02:54.551666-03:00
267,False,1,1,1,1563584535,0,"{'mechanical': 0, 'ebike': 0}",3,12,0,305,IN_SERVICE,398 - Rojas,16,-34.612684,-58.44487,2019-07-19 22:02:54.551666-03:00
268,False,1,1,1,1563584513,0,"{'mechanical': 0, 'ebike': 0}",1,18,0,306,IN_SERVICE,380 - Paysandu y Galicia,20,-34.608465,-58.45585,2019-07-19 22:02:54.551666-03:00
269,False,1,1,1,1563584452,3,"{'mechanical': 3, 'ebike': 0}",3,14,0,307,IN_SERVICE,358 - Plaza Almirante Brown,20,-34.6451626,-58.365323,2019-07-19 22:02:54.551666-03:00
270,False,1,1,1,1563584373,0,"{'mechanical': 0, 'ebike': 0}",2,18,0,308,IN_SERVICE,251 - Solar de la Abadía,20,-34.567639,-58.436847,2019-07-19 22:02:54.551666-03:00
271,False,1,1,1,1563584533,2,"{'mechanical': 2, 'ebike': 0}",4,14,0,309,IN_SERVICE,298 - IRALA,20,-34.6350001,-58.367059,2019-07-19 22:02:54.551666-03:00
272,False,1,1,1,1563584456,7,"{'mechanical': 7, 'ebike': 0}",4,5,0,310,IN_SERVICE,356 - Plaza Sergio Karakachoff,16,-34.63819,-58.37747,2019-07-19 22:02:54.551666-03:00
273,False,1,1,1,1563584425,2,"{'mechanical': 2, 'ebike': 0}",0,18,0,311,IN_SERVICE,213 - Hospital Alvear,20,-34.5972098,-58.47421143,2019-07-19 22:02:54.551666-03:00
274,False,1,1,1,1563584498,6,"{'mechanical': 6, 'ebike': 0}",1,13,0,312,IN_SERVICE,311 - CONCORDIA,20,-34.629028,-58.4769111,2019-07-19 22:02:54.551666-03:00
275,False,1,1,1,1563584331,1,"{'mechanical': 1, 'ebike': 0}",7,12,0,313,IN_SERVICE,291 - UNIVERSIDAD DE BELGRANO,20,-34.565003,-58.4449536,2019-07-19 22:02:54.551666-03:00
276,False,1,1,1,1563584334,2,"{'mechanical': 2, 'ebike': 0}",1,13,0,314,IN_SERVICE,212 - SOR JUANA,16,-34.61047,-58.4602399,2019-07-19 22:02:54.551666-03:00
277,False,1,1,1,1563584504,3,"{'mechanical': 3, 'ebike': 0}",2,11,0,316,IN_SERVICE,205 - SAN MARTIN,16,-34.605638,-58.4533609,2019-07-19 22:02:54.551666-03:00
278,False,1,1,1,1563584322,0,"{'mechanical': 0, 'ebike': 0}",2,18,0,317,IN_SERVICE,220 - GIRIBONE,20,-34.5797368,-58.4578146,2019-07-19 22:02:54.551666-03:00
279,False,1,1,1,1563584422,2,"{'mechanical': 2, 'ebike': 0}",1,17,0,318,IN_SERVICE,285 - ESPINOSA,20,-34.603935,-58.45732,2019-07-19 22:02:54.551666-03:00
280,False,1,1,1,1563584341,0,"{'mechanical': 0, 'ebike': 0}",0,20,0,319,IN_SERVICE,329 - PASO Y LAVALLE,20,-34.6036,-58.4036,2019-07-19 22:02:54.551666-03:00
281,False,1,1,1,1563584562,1,"{'mechanical': 1, 'ebike': 0}",0,19,0,320,IN_SERVICE,364 - Carranza Y Gorriti,20,-34.584058,-58.440073,2019-07-19 22:02:54.551666-03:00
282,False,1,1,1,1563584383,0,"{'mechanical': 0, 'ebike': 0}",3,13,0,321,IN_SERVICE,246 - EDUARDO OLIVERA,16,-34.561851,-58.444754,2019-07-19 22:02:54.551666-03:00
283,False,1,1,1,1563584465,1,"{'mechanical': 1, 'ebike': 0}",7,12,0,322,IN_SERVICE,289 - MONTAÑESES,20,-34.5513269,-58.4541858,2019-07-19 22:02:54.551666-03:00
284,False,1,1,1,1563584489,0,"{'mechanical': 0, 'ebike': 0}",8,16,1,323,IN_SERVICE,240 - ECHEVERRIA,24,-34.565275,-58.459401,2019-07-19 22:02:54.551666-03:00
285,False,1,1,1,1563584489,1,"{'mechanical': 1, 'ebike': 0}",4,11,0,324,IN_SERVICE,280 - JURAMENTO,16,-34.578933,-58.4840556,2019-07-19 22:02:54.551666-03:00
286,False,1,1,1,1563584509,1,"{'mechanical': 1, 'ebike': 0}",4,11,0,325,IN_SERVICE,342 - SAENZ,16,-34.645252,-58.416547,2019-07-19 22:02:54.551666-03:00
287,False,1,1,1,1563584425,6,"{'mechanical': 6, 'ebike': 0}",8,6,0,326,IN_SERVICE,343 - POMAR,20,-34.6411734,-58.4202266,2019-07-19 22:02:54.551666-03:00
288,False,1,1,1,1563584444,5,"{'mechanical': 5, 'ebike': 0}",1,9,0,327,IN_SERVICE,341 - TILCARA,16,-34.654386,-58.419928,2019-07-19 22:02:54.551666-03:00
289,False,1,1,1,1563584346,0,"{'mechanical': 0, 'ebike': 0}",0,16,0,328,IN_SERVICE,43 - Plaza Houssay,16,-34.598549,-58.397354,2019-07-19 22:02:54.551666-03:00
290,False,1,1,1,1563584332,2,"{'mechanical': 2, 'ebike': 0}",4,14,0,329,IN_SERVICE,100 - Plaza Gurruchaga,20,-34.5931053,-58.4351681,2019-07-19 22:02:54.551666-03:00
291,False,1,1,1,1563584539,4,"{'mechanical': 4, 'ebike': 0}",4,8,2,330,IN_SERVICE,148 - Paternal,16,-34.6008,-58.47,2019-07-19 22:02:54.551666-03:00
292,False,1,1,1,1563584475,1,"{'mechanical': 1, 'ebike': 0}",4,11,0,332,IN_SERVICE,202 - Nogoya Y Argerich,16,-34.602133,-58.490891,2019-07-19 22:02:54.551666-03:00
293,False,1,1,1,1563584237,9,"{'mechanical': 9, 'ebike': 0}",4,7,0,333,IN_SERVICE,203 - Beiro,20,-34.6004332,-58.5036238,2019-07-19 22:02:54.551666-03:00
294,False,1,1,1,1563584391,4,"{'mechanical': 4, 'ebike': 0}",7,9,0,335,IN_SERVICE,206 - Galicia,20,-34.615852,-58.470907,2019-07-19 22:02:54.551666-03:00
295,False,1,1,1,1563584465,2,"{'mechanical': 2, 'ebike': 0}",3,23,0,336,IN_SERVICE,207 - PLAZA ARENALES,28,-34.5999173,-58.5114159,2019-07-19 22:02:54.551666-03:00
296,False,1,1,1,1563584334,4,"{'mechanical': 4, 'ebike': 0}",1,11,0,337,IN_SERVICE,208 - Segui,16,-34.5985,-58.4613,2019-07-19 22:02:54.551666-03:00
297,False,1,1,1,1563584435,5,"{'mechanical': 5, 'ebike': 0}",2,9,1,338,IN_SERVICE,210 - Terrero,16,-34.602931,-58.479421,2019-07-19 22:02:54.551666-03:00
298,False,1,1,1,1563584491,4,"{'mechanical': 4, 'ebike': 0}",3,9,2,339,IN_SERVICE,211 - ARANGUREN Y SEGUI,16,-34.61938,-58.45471,2019-07-19 22:02:54.551666-03:00
299,False,1,1,1,1563584559,5,"{'mechanical': 5, 'ebike': 0}",6,1,2,340,IN_SERVICE,214 - Flores,12,-34.626242,-58.467329,2019-07-19 22:02:54.551666-03:00
300,False,1,1,1,1563584402,4,"{'mechanical': 4, 'ebike': 0}",7,5,0,341,IN_SERVICE,216 - Margariños Cervantes y Argerich,16,-34.6142336,-58.4813858,2019-07-19 22:02:54.551666-03:00
301,False,1,1,1,1563584537,9,"{'mechanical': 9, 'ebike': 0}",7,4,1,342,IN_SERVICE,218 - Campana,20,-34.616813,-58.484297,2019-07-19 22:02:54.551666-03:00
302,False,1,1,1,1563584411,3,"{'mechanical': 3, 'ebike': 0}",3,13,0,343,IN_SERVICE,219 - Parque Chacabuco II,20,-34.6357272,-58.4411639,2019-07-19 22:02:54.551666-03:00
303,False,1,1,1,1563584522,1,"{'mechanical': 1, 'ebike': 0}",2,17,0,345,IN_SERVICE,226 - Parque La Paternal,20,-34.5947762,-58.4750615,2019-07-19 22:02:54.551666-03:00
304,False,1,1,1,1563584400,0,"{'mechanical': 0, 'ebike': 0}",1,19,0,347,IN_SERVICE,230 - Parque Las Heras II,20,-34.5834356,-58.4065391,2019-07-19 22:02:54.551666-03:00
305,False,1,1,1,1563584475,6,"{'mechanical': 6, 'ebike': 0}",6,4,0,348,IN_SERVICE,231 - Margariños Cervantes,16,-34.610482,-58.474369,2019-07-19 22:02:54.551666-03:00
306,False,1,1,1,1563584490,0,"{'mechanical': 0, 'ebike': 0}",3,17,0,349,IN_SERVICE,232 - Sucre y Martinez,20,-34.570894,-58.466884,2019-07-19 22:02:54.551666-03:00
307,False,1,1,1,1563584340,12,"{'mechanical': 12, 'ebike': 0}",0,8,0,350,IN_SERVICE,234 - Valdenegro,20,-34.567996,-58.4851455,2019-07-19 22:02:54.551666-03:00
308,False,1,1,1,1563584426,4,"{'mechanical': 4, 'ebike': 0}",2,10,0,351,IN_SERVICE,235 - Colegiales,16,-34.5717033,-58.4520772,2019-07-19 22:02:54.551666-03:00
309,False,1,1,1,1563584265,0,"{'mechanical': 0, 'ebike': 0}",1,27,0,352,IN_SERVICE,236 - Guemes,28,-34.5807104,-58.4248291,2019-07-19 22:02:54.551666-03:00
310,False,1,1,1,1563584529,0,"{'mechanical': 0, 'ebike': 0}",6,14,0,353,IN_SERVICE,237 - Madero Office,20,-34.5986779,-58.3647259,2019-07-19 22:02:54.551666-03:00
311,False,1,1,1,1563584538,0,"{'mechanical': 0, 'ebike': 0}",2,18,0,354,IN_SERVICE,241 - Sanatorio Mendez,20,-34.613457,-58.4401581,2019-07-19 22:02:54.551666-03:00
312,False,1,1,1,1563584406,0,"{'mechanical': 0, 'ebike': 0}",8,7,0,355,IN_SERVICE,242 - Plazoleta Rafael del Riego,16,-34.5675048,-58.4465088,2019-07-19 22:02:54.551666-03:00
313,False,1,1,1,1563584469,3,"{'mechanical': 3, 'ebike': 0}",1,11,0,356,IN_SERVICE,245 - Arribeños,16,-34.547695,-58.4584684,2019-07-19 22:02:54.551666-03:00
314,False,1,1,1,1563584533,5,"{'mechanical': 5, 'ebike': 0}",4,3,0,358,IN_SERVICE,249 - Balbín,12,-34.5615465,-58.4655255,2019-07-19 22:02:54.551666-03:00
315,False,1,1,1,1563584548,0,"{'mechanical': 0, 'ebike': 0}",1,19,0,359,IN_SERVICE,250 - Fleni,20,-34.555654,-58.4504687,2019-07-19 22:02:54.551666-03:00
316,False,1,1,1,1563584519,2,"{'mechanical': 2, 'ebike': 0}",2,16,0,361,IN_SERVICE,258 - Plaza J.J. Paso,20,-34.569147,-58.453732,2019-07-19 22:02:54.551666-03:00
317,False,1,1,1,1563584499,2,"{'mechanical': 2, 'ebike': 0}",0,14,1,362,IN_SERVICE,262 - Holmberg,16,-34.566746,-58.479108,2019-07-19 22:02:54.551666-03:00
318,False,1,1,1,1563584339,18,"{'mechanical': 18, 'ebike': 0}",3,7,1,363,IN_SERVICE,354 - Plaza Tupac Amaru,28,-34.642052,-58.46205,2019-07-19 22:02:54.551666-03:00
319,False,1,1,1,1563584538,16,"{'mechanical': 16, 'ebike': 0}",4,4,0,364,IN_SERVICE,381 - Matienzo Y Arce,24,-34.568722,-58.434381,2019-07-19 22:02:54.551666-03:00
320,False,1,1,1,1563584351,9,"{'mechanical': 9, 'ebike': 0}",3,8,0,366,IN_SERVICE,360 - Plaza Ramon Falcon,20,-34.635402,-58.482602,2019-07-19 22:02:54.551666-03:00
321,False,1,1,1,1563514625,5,"{'mechanical': 5, 'ebike': 0}",10,1,1,367,IN_SERVICE,287 - Belaustegui,16,-34.6163487,-58.4772418,2019-07-19 22:02:54.551666-03:00
322,False,1,1,1,1563584477,10,"{'mechanical': 10, 'ebike': 0}",2,0,0,368,IN_SERVICE,351 - Plaza De Los Periodistas,12,-34.621153,-58.47375,2019-07-19 22:02:54.551666-03:00
323,False,1,1,1,1563584353,6,"{'mechanical': 6, 'ebike': 0}",3,11,0,369,IN_SERVICE,304 - Navarro,20,-34.592244,-58.491797,2019-07-19 22:02:54.551666-03:00
324,False,1,1,1,1563584552,9,"{'mechanical': 9, 'ebike': 0}",4,7,0,370,IN_SERVICE,305 - Plaza Martin Rodriguez,20,-34.590964,-58.500336,2019-07-19 22:02:54.551666-03:00
325,False,1,1,1,1563584426,1,"{'mechanical': 1, 'ebike': 0}",4,11,1,371,IN_SERVICE,269 - Plaza De La Misericordia,16,-34.63281,-58.455058,2019-07-19 22:02:54.551666-03:00
326,False,1,1,1,1563584383,5,"{'mechanical': 5, 'ebike': 0}",3,4,0,372,IN_SERVICE,322 - MARTÍ Y DIRECTORIO,12,-34.636406,-58.470136,2019-07-19 22:02:54.551666-03:00
327,False,1,1,1,1563584551,0,"{'mechanical': 0, 'ebike': 0}",2,14,0,373,IN_SERVICE,265 - Plaza Exodo Jujeño,16,-34.5824889,-58.4810286,2019-07-19 22:02:54.551666-03:00
328,False,1,1,1,1563584509,11,"{'mechanical': 11, 'ebike': 0}",2,3,0,374,IN_SERVICE,367 - Mariano Castex,16,-34.645764,-58.4573968,2019-07-19 22:02:54.551666-03:00
329,False,1,1,1,1563584535,5,"{'mechanical': 5, 'ebike': 0}",4,7,0,375,IN_SERVICE,301 - Arregui Y Terrada,16,-34.6050537,-58.4847864,2019-07-19 22:02:54.551666-03:00
330,False,1,1,1,1563584439,7,"{'mechanical': 7, 'ebike': 0}",12,1,1,376,IN_SERVICE,324 - Las Victorias,20,-34.626698,-58.4871352,2019-07-19 22:02:54.551666-03:00
331,False,1,1,1,1563584363,0,"{'mechanical': 0, 'ebike': 0}",0,15,0,377,IN_SERVICE,327 - ACUÑA DE FIGUEROA Y POTOSI,16,-34.607333,-58.422987,2019-07-19 22:02:54.551666-03:00
332,False,1,1,1,1563584467,6,"{'mechanical': 6, 'ebike': 0}",6,8,0,378,IN_SERVICE,215 - HOSPITAL ALVAREZ,20,-34.623123,-58.468287,2019-07-19 22:02:54.551666-03:00
333,False,1,1,1,1563584346,1,"{'mechanical': 1, 'ebike': 0}",3,16,0,379,IN_SERVICE,390 - De Los Ombues,20,-34.560162,-58.428163,2019-07-19 22:02:54.551666-03:00
334,False,1,1,1,1563584374,3,"{'mechanical': 3, 'ebike': 0}",6,11,3,380,IN_SERVICE,319 - Cervantes y Trelles,20,-34.6060382,-58.46481,2019-07-19 22:02:54.551666-03:00
335,False,1,1,1,1563584353,3,"{'mechanical': 3, 'ebike': 0}",5,8,0,381,IN_SERVICE,274 - Plaza Nuestra Señora de la Asuncion,16,-34.6153,-58.4665179,2019-07-19 22:02:54.551666-03:00
336,False,1,1,1,1563584329,6,"{'mechanical': 6, 'ebike': 0}",2,8,0,382,IN_SERVICE,204 - Biarritz,16,-34.605452,-58.477426,2019-07-19 22:02:54.551666-03:00
337,False,1,1,1,1563584454,4,"{'mechanical': 4, 'ebike': 0}",3,13,0,383,IN_SERVICE,263 - Plaza Echeverria,20,-34.571621,-58.489026,2019-07-19 22:02:54.551666-03:00
338,False,1,1,1,1563584465,0,"{'mechanical': 0, 'ebike': 0}",5,11,0,384,IN_SERVICE,267 - Plaza 25 De Agosto,16,-34.579734,-58.4618523,2019-07-19 22:02:54.551666-03:00
339,False,1,1,1,1563584333,9,"{'mechanical': 9, 'ebike': 0}",5,2,0,385,IN_SERVICE,268 - Plaza Aristóbulo Del Valle,16,-34.6061187,-58.4934192,2019-07-19 22:02:54.551666-03:00
340,False,1,1,1,1563584374,4,"{'mechanical': 4, 'ebike': 0}",0,4,0,386,IN_SERVICE,277 - Coghlan,8,-34.5656428,-58.475512,2019-07-19 22:02:54.551666-03:00
341,False,1,1,1,1563584401,5,"{'mechanical': 5, 'ebike': 0}",1,10,2,387,IN_SERVICE,278 - Donato Alvarez,16,-34.6019716,-58.4655301,2019-07-19 22:02:54.551666-03:00
342,False,1,1,1,1563583065,14,"{'mechanical': 14, 'ebike': 0}",1,5,0,388,IN_SERVICE,279 - Andonaegui,20,-34.580927,-58.48455,2019-07-19 22:02:54.551666-03:00
343,False,1,1,1,1563584340,1,"{'mechanical': 1, 'ebike': 0}",1,18,0,389,IN_SERVICE,286 - OEA,20,-34.62795,-58.44024,2019-07-19 22:02:54.551666-03:00
344,False,1,1,1,1563584298,0,"{'mechanical': 0, 'ebike': 0}",1,18,0,390,IN_SERVICE,288- 11 de septiembre,20,-34.547758,-58.459881,2019-07-19 22:02:54.551666-03:00
345,False,1,1,1,1563584496,1,"{'mechanical': 1, 'ebike': 0}",1,18,0,391,IN_SERVICE,295 - Larralde,20,-34.5508944,-58.4719176,2019-07-19 22:02:54.551666-03:00
346,False,1,1,1,1563584491,7,"{'mechanical': 7, 'ebike': 0}",1,8,0,392,IN_SERVICE,297 - TRONADOR Y GARCÍA DEL RÍO,16,-34.554754,-58.485419,2019-07-19 22:02:54.551666-03:00
347,False,1,1,1,1563584375,0,"{'mechanical': 0, 'ebike': 0}",1,11,0,393,IN_SERVICE,300 - Jose Artigas,12,-34.590848,-58.468535,2019-07-19 22:02:54.551666-03:00
348,False,1,1,1,1563584396,16,"{'mechanical': 16, 'ebike': 0}",3,1,1,394,IN_SERVICE,302 - Plaza Jose Marti,20,-34.649578,-58.462646,2019-07-19 22:02:54.551666-03:00
349,False,1,1,1,1563584354,3,"{'mechanical': 3, 'ebike': 0}",4,9,0,395,IN_SERVICE,303 - Huaura,16,-34.5968038,-58.4535687,2019-07-19 22:02:54.551666-03:00
350,False,1,1,1,1563584531,2,"{'mechanical': 2, 'ebike': 0}",2,16,1,396,IN_SERVICE,306 - Tres Arroyos Y Olaya,20,-34.601852,-58.448011,2019-07-19 22:02:54.551666-03:00
351,False,1,1,1,1563584422,2,"{'mechanical': 2, 'ebike': 0}",3,7,0,397,IN_SERVICE,308 - Artigas Y Melincue,12,-34.5979984,-58.4856262,2019-07-19 22:02:54.551666-03:00
352,False,1,1,1,1563584497,1,"{'mechanical': 1, 'ebike': 0}",3,12,1,398,IN_SERVICE,310 - Gregoria Perez,16,-34.5761817,-58.4546508,2019-07-19 22:02:54.551666-03:00
353,False,1,1,1,1563584381,0,"{'mechanical': 0, 'ebike': 0}",4,16,0,399,IN_SERVICE,312 - Parque Chacabuco  I,20,-34.6340414,-58.446273,2019-07-19 22:02:54.551666-03:00
354,False,1,1,1,1563584348,5,"{'mechanical': 5, 'ebike': 0}",1,10,1,400,IN_SERVICE,313 - De Los Incas,16,-34.579751,-58.471003,2019-07-19 22:02:54.551666-03:00
355,False,1,1,1,1563584541,6,"{'mechanical': 6, 'ebike': 0}",9,5,0,401,IN_SERVICE,314 - Ramón Falcon,20,-34.6347618,-58.4795922,2019-07-19 22:02:54.551666-03:00
356,False,1,1,1,1563584509,12,"{'mechanical': 12, 'ebike': 0}",1,3,0,402,IN_SERVICE,315 - BEIRO Y SAN MARTÍN,16,-34.5976121,-58.4985424,2019-07-19 22:02:54.551666-03:00
357,False,1,1,1,1563584468,0,"{'mechanical': 0, 'ebike': 0}",2,18,0,404,IN_SERVICE,317 - Cero Más Infinito,20,-34.543949,-58.4408983,2019-07-19 22:02:54.551666-03:00
358,False,1,1,1,1563584457,1,"{'mechanical': 1, 'ebike': 0}",2,17,0,405,IN_SERVICE,318 - Plaza Y Carbajal,20,-34.5767497,-58.4689771,2019-07-19 22:02:54.551666-03:00
359,False,1,1,1,1563584370,0,"{'mechanical': 0, 'ebike': 0}",3,13,0,406,IN_SERVICE,326 - Emma De La Barra,16,-34.6009283,-58.3642613,2019-07-19 22:02:54.551666-03:00
360,False,1,1,1,1563584559,10,"{'mechanical': 10, 'ebike': 0}",7,10,4,407,IN_SERVICE,330 - Parque Avellaneda,27,-34.6429977,-58.4815713,2019-07-19 22:02:54.551666-03:00
361,False,1,1,1,1563584519,17,"{'mechanical': 17, 'ebike': 0}",2,0,1,408,IN_SERVICE,337 - UTN,20,-34.6600076,-58.4683699,2019-07-19 22:02:54.551666-03:00
362,False,1,1,1,1563584434,7,"{'mechanical': 7, 'ebike': 0}",3,14,1,409,IN_SERVICE,339 - AMANCIO ALCORTA,24,-34.654801,-58.412878,2019-07-19 22:02:54.551666-03:00
363,False,1,1,1,1563584497,9,"{'mechanical': 9, 'ebike': 0}",3,0,0,411,IN_SERVICE,368 - Ensenada,12,-34.6385808,-58.4769856,2019-07-19 22:02:54.551666-03:00
364,False,1,1,1,1563584400,15,"{'mechanical': 15, 'ebike': 0}",1,0,2,412,IN_SERVICE,372 - Villa Soldati,16,-34.6626285,-58.4411434,2019-07-19 22:02:54.551666-03:00
365,False,1,1,1,1563584479,6,"{'mechanical': 6, 'ebike': 0}",2,8,0,413,IN_SERVICE,382 - CMD,16,-34.6545736,-58.379346,2019-07-19 22:02:54.551666-03:00
366,False,1,1,1,1563584554,1,"{'mechanical': 1, 'ebike': 0}",0,19,1,414,IN_SERVICE,385 - Franklin,20,-34.607731,-58.4383041,2019-07-19 22:02:54.551666-03:00
367,False,1,1,1,1563584460,2,"{'mechanical': 2, 'ebike': 0}",6,11,0,415,IN_SERVICE,386 - Gavilan Y Vallese,20,-34.6203961,-58.4637146,2019-07-19 22:02:54.551666-03:00
368,False,1,1,1,1563584527,4,"{'mechanical': 4, 'ebike': 0}",16,8,0,416,IN_SERVICE,257 - Plaza Francisco Ramirez,28,-34.5532664,-58.469072,2019-07-19 22:02:54.551666-03:00
369,False,1,1,1,1563584400,0,"{'mechanical': 0, 'ebike': 0}",0,20,0,417,IN_SERVICE,328 - Centro Cultural San Martin,20,-34.6053524,-58.3880338,2019-07-19 22:02:54.551666-03:00
370,False,1,1,1,1563584473,0,"{'mechanical': 0, 'ebike': 0}",1,19,0,418,IN_SERVICE,345 - Plaza Mafalda,20,-34.580773,-58.4446136,2019-07-19 22:02:54.551666-03:00
371,False,1,1,1,1563584437,1,"{'mechanical': 1, 'ebike': 0}",1,26,1,419,IN_SERVICE,359 - Plaza Balcarce,28,-34.547673,-58.467851,2019-07-19 22:02:54.551666-03:00
372,False,1,1,1,1563584338,0,"{'mechanical': 0, 'ebike': 0}",2,18,0,420,IN_SERVICE,375 - Ciudad Universitaria I,20,-34.5440696,-58.4390434,2019-07-19 22:02:54.551666-03:00
373,False,1,1,1,1563584558,0,"{'mechanical': 0, 'ebike': 0}",1,11,0,421,IN_SERVICE,376 - Ciudad Universitaria II,12,-34.5419013,-58.4438699,2019-07-19 22:02:54.551666-03:00
374,False,1,1,1,1563584551,0,"{'mechanical': 0, 'ebike': 0}",1,26,0,422,IN_SERVICE,377 - Ciudad Uuniversitaria III,28,-34.5409892,-58.4442786,2019-07-19 22:02:54.551666-03:00
375,False,1,1,1,1563584419,7,"{'mechanical': 7, 'ebike': 0}",1,12,1,423,IN_SERVICE,378 - Agronomia,20,-34.5980929,-58.4822137,2019-07-19 22:02:54.551666-03:00
376,False,1,1,1,1563584345,1,"{'mechanical': 1, 'ebike': 0}",0,15,2,424,IN_SERVICE,387 - Luna,16,-34.638584,-58.399683,2019-07-19 22:02:54.551666-03:00
377,False,1,1,1,1563584315,11,"{'mechanical': 11, 'ebike': 0}",5,0,0,425,IN_SERVICE,394 - Av. La Plata,16,-34.6440763,-58.422091,2019-07-19 22:02:54.551666-03:00
378,False,1,1,1,1563584450,1,"{'mechanical': 1, 'ebike': 0}",5,14,0,426,IN_SERVICE,396 - PLAZA ALBERTI,20,-34.555582,-58.457962,2019-07-19 22:02:54.551666-03:00
379,False,1,1,1,1563584401,0,"{'mechanical': 0, 'ebike': 0}",4,20,0,427,IN_SERVICE,397 - PLAZA MATHEU,24,-34.64072,-58.367461,2019-07-19 22:02:54.551666-03:00
380,False,1,1,1,1563584389,3,"{'mechanical': 3, 'ebike': 0}",0,17,0,428,IN_SERVICE,225 - HOSPITAL TORNU,20,-34.587458,-58.4739506,2019-07-19 22:02:54.551666-03:00
381,False,1,1,1,1563584553,6,"{'mechanical': 6, 'ebike': 0}",6,8,1,429,IN_SERVICE,201 - JUAN AGUSTIN GARCIA,20,-34.6115826,-58.484692,2019-07-19 22:02:54.551666-03:00
382,False,1,1,1,1563584562,1,"{'mechanical': 1, 'ebike': 0}",0,11,0,430,IN_SERVICE,037 - Claudia Pia Braudacco,12,-34.607981,-58.3778856,2019-07-19 22:02:54.551666-03:00
383,False,1,1,1,1563584375,0,"{'mechanical': 0, 'ebike': 0}",2,18,0,431,IN_SERVICE,362 - PARQUE DE LA MEMORIA,20,-34.5430055,-58.4361167,2019-07-19 22:02:54.551666-03:00
384,False,1,1,1,1563584445,1,"{'mechanical': 1, 'ebike': 0}",3,15,1,432,IN_SERVICE,187 - Jose Maria Moreno,20,-34.620249,-58.435877,2019-07-19 22:02:54.551666-03:00
385,False,1,1,1,1563584429,3,"{'mechanical': 3, 'ebike': 0}",8,7,0,433,IN_SERVICE,273 - Plazoleta Colombia,20,-34.637491,-58.373638,2019-07-19 22:02:54.551666-03:00
386,False,1,1,1,1563584354,3,"{'mechanical': 3, 'ebike': 0}",0,9,0,434,IN_SERVICE,247 - Plaza Lucio Demare,12,-34.5457258,-58.4650865,2019-07-19 22:02:54.551666-03:00
387,False,1,1,1,1563584551,0,"{'mechanical': 0, 'ebike': 0}",6,10,0,435,IN_SERVICE,227 -Club Ciudad de Buenos Aires,16,-34.5445971,-58.4595541,2019-07-19 22:02:54.551666-03:00
388,False,1,1,1,1563584351,0,"{'mechanical': 0, 'ebike': 0}",2,26,0,436,IN_SERVICE,253 - Plaza Colegiales,28,-34.5782972,-58.4450299,2019-07-19 22:02:54.551666-03:00
389,False,1,1,1,1563584441,0,"{'mechanical': 0, 'ebike': 0}",4,16,0,441,IN_SERVICE,016 - Legislatura,20,-34.61001199,-58.3749195,2019-07-19 22:02:54.551666-03:00
390,False,1,1,1,1563584478,1,"{'mechanical': 1, 'ebike': 0}",5,10,0,442,IN_SERVICE,048 - Perón,16,-34.6056194,-58.371607,2019-07-19 22:02:54.551666-03:00
391,False,1,1,1,1563584478,0,"{'mechanical': 0, 'ebike': 0}",0,18,0,443,IN_SERVICE,081 -Balcarce,18,-34.6157533,-58.3706184,2019-07-19 22:02:54.551666-03:00
392,False,1,1,1,1563584347,0,"{'mechanical': 0, 'ebike': 0}",1,23,0,444,IN_SERVICE,061-Ministerio de Economia,24,-34.6089087,-58.3711541,2019-07-19 22:02:54.551666-03:00
393,False,1,1,1,1563584391,6,"{'mechanical': 6, 'ebike': 0}",0,9,0,448,IN_SERVICE,393 - Barrio 31,16,-34.582618,-58.3787309,2019-07-19 22:02:54.551666-03:00
394,False,1,1,1,1563584324,1,"{'mechanical': 1, 'ebike': 0}",9,13,0,449,IN_SERVICE,San Jose de Flores,23,-34.6289374,-58.4636606,2019-07-19 22:02:54.551666-03:00
